Date_reported,StringencyIndex,Cumulative_cases,Recovery,New_cases,NewCases_local,NewCases_imported,Cumulative_deaths,New_deaths,retail and recreation,grocery and pharmacy,parks,transit stations,workplaces,residential,EconomicSupportIndex,GovernmentResponseIndex,ContainmentHealthIndex,Atleast1dose,fullvaccine
22/01/2020,0,0,0,0,0,0,0,0,0,0,0,0,0,0,0,0,0,0,0
23/01/2020,0,0,0,0,0,0,0,0,0,0,0,0,0,0,0,0,0,0,0
24/01/2020,0,0,0,0,0,0,0,0,0,0,0,0,0,0,0,0,0,0,0
25/01/2020,0,0,0,0,0,0,0,0,0,0,0,0,0,0,0,0,0,0,0
26/01/2020,0,0,0,0,0,0,0,0,0,0,0,0,0,0,0,0,0,0,0
27/01/2020,0,0,0,0,0,0,0,0,0,0,0,0,0,0,0,0,0,0,0
28/01/2020,0,0,0,0,0,0,0,0,0,0,0,0,0,0,0,0,0,0,0
29/01/2020,0,0,0,0,0,0,0,0,0,0,0,0,0,0,0,0,0,0,0
30/01/2020,0,0,0,0,0,0,0,0,0,0,0,0,0,0,0,0,0,0,0
31/01/2020,0,0,0,0,0,0,0,0,0,0,0,0,0,0,0,0,0,0,0
01/02/2020,0,0,0,0,0,0,0,0,0,4,-1,-9,5,1,0,0,0,0,0
02/02/2020,0,0,0,0,0,0,0,0,-2,3,-4,-6,4,2,0,0,0,0,0
03/02/2020,0,0,0,0,0,0,0,0,-1,3,-2,-7,10,1,0,1.56,1.79,0,0
04/02/2020,0,0,0,0,0,0,0,0,-1,3,0,-5,10,1,0,1.56,1.79,0,0
05/02/2020,0,0,0,0,0,0,0,0,-1,0,0,-4,9,2,0,1.56,1.79,0,0
06/02/2020,0,0,0,0,0,0,0,0,-2,0,1,-7,11,1,0,1.56,1.79,0,0
07/02/2020,0,0,0,0,0,0,0,0,0,2,1,-8,17,1,0,1.56,1.79,0,0
08/02/2020,0,0,0,0,0,0,0,0,0,4,-2,-14,5,3,0,1.56,1.79,0,0
09/02/2020,0,0,0,0,0,0,0,0,2,4,-3,-12,6,1,0,1.56,1.79,0,0
10/02/2020,0,0,0,0,0,0,0,0,1,3,-1,-6,9,1,0,1.56,1.79,0,0
11/02/2020,0,0,0,0,0,0,0,0,3,4,3,-5,9,1,0,1.56,1.79,0,0
12/02/2020,0,0,0,0,0,0,0,0,0,1,1,-4,8,1,0,1.56,1.79,0,0
13/02/2020,0,0,0,0,0,0,0,0,1,3,2,-6,10,1,0,1.56,1.79,0,0
14/02/2020,0,0,0,0,0,0,0,0,4,5,2,-3,14,0,0,1.56,1.79,0,0
15/02/2020,0,0,0,0,0,0,0,0,1,5,-3,-7,7,0,0,1.56,1.79,0,0
16/02/2020,0,0,0,0,0,0,0,0,1,5,-6,-7,6,1,0,1.56,1.79,0,0
17/02/2020,0,0,0,0,0,0,0,0,1,5,-2,-3,11,0,0,1.56,1.79,0,0
18/02/2020,0,0,0,0,0,0,0,0,2,4,-1,-4,10,0,0,1.56,1.79,0,0
19/02/2020,0,0,0,0,0,0,0,0,-2,1,-3,-4,7,1,0,1.56,1.79,0,0
20/02/2020,0,0,0,0,0,0,0,0,-1,4,1,-6,10,0,0,1.56,1.79,0,0
21/02/2020,0,0,0,0,0,0,0,0,0,3,3,-6,8,1,0,1.56,1.79,0,0
22/02/2020,0,0,0,0,0,0,0,0,1,6,0,-11,5,1,0,1.56,1.79,0,0
23/02/2020,0,0,0,0,0,0,0,0,6,7,8,-11,2,-1,0,1.56,1.79,0,0
24/02/2020,0,0,0,0,0,0,0,0,0,3,5,-4,-41,5,0,1.56,1.79,0,0
25/02/2020,0,0,0,0,0,0,0,0,1,7,1,-4,13,0,0,1.56,1.79,0,0
26/02/2020,0,0,0,0,0,0,0,0,-2,1,0,-8,11,2,0,1.56,1.79,0,0
27/02/2020,0,0,0,0,0,0,0,0,-2,2,-1,-9,15,1,0,1.56,1.79,0,0
28/02/2020,0,0,0,0,0,0,0,0,-2,2,-2,-12,21,2,0,1.56,1.79,0,0
29/02/2020,0,0,0,0,0,0,0,0,-5,1,-6,-18,10,3,0,1.56,1.79,0,0
01/03/2020,0,0,0,0,0,0,0,0,-6,1,-5,-17,10,3,0,1.56,1.79,0,0
02/03/2020,0,0,0,0,0,0,0,0,-3,4,-3,-11,13,2,0,1.56,1.79,0,0
03/03/2020,0,0,0,0,0,0,0,0,-7,3,-3,-15,12,2,0,1.56,1.79,0,0
04/03/2020,0,0,0,0,0,0,0,0,-11,-2,-5,-16,9,4,0,1.56,1.79,0,0
05/03/2020,0,0,0,0,0,0,0,0,-11,0,-3,-12,6,4,0,1.56,1.79,0,0
06/03/2020,0,0,0,0,0,0,0,0,-14,0,-6,-9,2,6,0,1.56,1.79,0,0
07/03/2020,0,0,0,0,0,0,0,0,-19,-6,-13,-18,4,5,0,1.56,1.79,0,0
08/03/2020,0,0,0,0,0,0,0,0,-24,-10,-13,-26,2,6,0,1.56,1.79,0,0
09/03/2020,0,0,0,0,0,0,0,0,-20,-8,-6,-21,-10,6,0,1.56,1.79,0,0
10/03/2020,0,0,0,0,0,0,0,0,-24,-7,-5,-25,-12,6,0,1.56,1.79,0,0
11/03/2020,9.26,0,0,0,0,0,0,0,-30,-11,-7,-29,-16,9,0,6.77,7.74,0,0
12/03/2020,9.26,0,0,0,0,0,0,0,-34,-16,-8,-34,-16,9,0,6.77,7.74,0,0
13/03/2020,9.26,0,0,0,0,0,0,0,-39,-19,-12,-39,-13,12,0,6.77,7.74,0,0
14/03/2020,9.26,0,0,0,0,0,0,0,-43,-23,-19,-46,-8,11,0,6.77,7.74,0,0
15/03/2020,9.26,0,0,0,0,0,0,0,-45,-23,-18,-47,-9,11,0,6.77,7.74,0,0
16/03/2020,14.81,0,0,0,0,0,0,0,-42,-25,-14,-42,-27,13,0,9.9,11.31,0,0
17/03/2020,14.81,0,0,0,0,0,0,0,-40,-19,-9,-36,-30,10,0,11.98,13.69,0,0
18/03/2020,14.81,0,0,0,0,0,0,0,-53,-36,-13,-58,-45,16,0,11.98,13.69,0,0
19/03/2020,25.93,0,0,0,0,0,0,0,-55,-38,-14,-62,-45,17,0,18.23,20.83,0,0
20/03/2020,25.93,0,0,0,0,0,0,0,-56,-38,-17,-65,-41,20,0,18.23,20.83,0,0
21/03/2020,25.93,0,0,0,0,0,0,0,-59,-40,-24,-68,-26,16,0,18.23,20.83,0,0
22/03/2020,25.93,0,0,0,0,0,0,0,-59,-41,-23,-67,-19,15,0,18.23,20.83,0,0
23/03/2020,25.93,0,0,0,0,0,0,0,-55,-38,-16,-66,-49,18,0,18.23,20.83,0,0
24/03/2020,25.93,0,0,0,2,0,0,0,-56,-37,-14,-65,-49,17,0,21.35,24.4,0,0
25/03/2020,25.93,2,0,2,1,0,0,0,-58,-40,-15,-66,-49,18,0,21.35,24.4,0,0
26/03/2020,28.7,3,0,1,3,0,0,0,-58,-39,-16,-67,-47,19,0,22.92,26.19,0,0
27/03/2020,28.7,6,0,3,0,0,0,0,-60,-38,-19,-68,-43,22,0,22.92,26.19,0,0
28/03/2020,28.7,6,0,0,2,0,0,0,-59,-40,-26,-68,-20,17,0,22.92,26.19,0,0
29/03/2020,28.7,6,0,0,0,1,0,0,-62,-42,-26,-70,-20,17,0,22.92,26.19,0,0
30/03/2020,96.3,8,0,2,0,0,0,0,-58,-35,-14,-68,-59,20,0,71.88,82.14,0,0
31/03/2020,96.3,9,0,1,1,0,0,0,-59,-38,-11,-67,-61,17,0,71.88,82.14,0,0
01/04/2020,96.3,9,0,0,0,0,0,0,-60,-40,-12,-67,-61,19,0,71.88,82.14,0,0
02/04/2020,96.3,10,0,1,0,0,0,0,-59,-41,-12,-67,-60,18,50,78.12,82.14,0,0
03/04/2020,96.3,10,0,0,0,0,0,0,-62,-42,-18,-72,-54,22,50,78.12,82.14,0,0
04/04/2020,96.3,10,0,0,0,0,0,0,-60,-41,-26,-67,-28,16,50,78.12,82.14,0,0
05/04/2020,96.3,10,0,0,0,1,0,0,-58,-41,-27,-67,-16,15,50,78.12,82.14,0,0
06/04/2020,96.3,11,0,1,0,0,0,0,-50,-32,-16,-60,-39,15,50,81.25,85.71,0,0
07/04/2020,96.3,12,0,1,1,1,0,0,-50,-30,-14,-59,-41,14,50,81.25,85.71,0,0
08/04/2020,96.3,12,0,0,1,0,0,0,-53,-38,-18,-61,-41,15,50,81.25,85.71,0,0
09/04/2020,96.3,15,0,3,1,0,0,0,-50,-34,-13,-61,-39,13,50,81.25,85.71,0,0
10/04/2020,96.3,15,0,0,2,0,0,0,-54,-38,-20,-64,-35,17,50,81.25,85.71,0,0
11/04/2020,96.3,16,0,1,2,0,0,0,-52,-33,-24,-63,-16,13,50,81.25,85.71,0,0
12/04/2020,96.3,16,0,0,1,0,0,0,-52,-35,-23,-64,-9,13,50,81.25,85.71,0,0
13/04/2020,96.3,19,0,3,0,0,0,0,-47,-30,-16,-59,-37,14,50,81.25,85.71,0,0
14/04/2020,96.3,19,1,0,0,0,0,0,-46,-27,-11,-58,-38,12,50,81.25,85.71,0,0
15/04/2020,96.3,19,0,0,0,0,0,0,-47,-30,-12,-58,-38,13,50,81.25,85.71,0,0
16/04/2020,96.3,19,1,0,0,0,0,0,-45,-26,-11,-56,-36,12,50,81.25,85.71,0,0
17/04/2020,96.3,19,0,0,0,0,0,0,-49,-29,-14,-62,-49,17,50,81.25,85.71,0,0
18/04/2020,96.3,19,0,0,0,0,0,0,-46,-27,-20,-58,-13,10,50,81.25,85.71,0,0
19/04/2020,96.3,19,0,0,0,0,0,0,-44,-26,-20,-58,-5,9,50,81.25,85.71,0,0
20/04/2020,96.3,19,0,0,0,0,0,0,-30,-15,-10,-48,-21,8,50,81.25,85.71,0,0
21/04/2020,96.3,19,0,0,0,0,0,0,-31,-12,-7,-44,-22,7,50,81.25,85.71,0,0
22/04/2020,96.3,19,2,0,0,0,0,0,-30,-12,-7,-45,-25,9,50,81.25,85.71,0,0
23/04/2020,96.3,19,0,0,0,0,0,0,-34,-17,-6,-45,-21,8,50,81.25,85.71,0,0
24/04/2020,96.3,19,0,0,0,0,0,0,-32,-14,-10,-45,-14,10,50,81.25,85.71,0,0
25/04/2020,96.3,19,3,0,0,0,0,0,-35,-17,-17,-48,-3,7,50,81.25,85.71,0,0
26/04/2020,96.3,19,0,0,0,0,0,0,-32,-14,-14,-47,1,5,50,81.25,85.71,0,0
27/04/2020,96.3,19,0,0,0,0,0,0,-30,-15,-8,-44,-20,7,50,81.25,85.71,0,0
28/04/2020,96.3,19,0,0,0,0,0,0,-26,-9,-6,-39,-20,7,50,81.25,85.71,0,0
29/04/2020,96.3,19,0,0,0,0,0,0,-29,-14,-9,-44,-21,8,50,81.25,85.71,0,0
30/04/2020,96.3,19,1,0,0,0,0,0,-28,-13,-6,-43,-18,7,50,81.25,85.71,0,0
01/05/2020,96.3,19,0,0,0,0,0,0,-29,-13,-9,-44,-12,8,62.5,82.81,85.71,0,0
02/05/2020,96.3,19,1,0,0,0,0,0,-28,-13,-13,-45,1,5,62.5,82.81,85.71,0,0
03/05/2020,96.3,19,0,0,0,0,0,0,-28,-13,-14,-45,3,5,62.5,82.81,85.71,0,0
04/05/2020,85.19,19,0,0,0,0,0,0,-22,-7,-6,-28,-9,4,62.5,70.31,71.43,0,0
05/05/2020,85.19,19,0,0,0,0,0,0,-24,-9,-5,-26,-11,5,62.5,70.31,71.43,0,0
06/05/2020,85.19,19,1,0,0,0,0,0,-21,-7,-4,-26,-11,5,62.5,70.31,71.43,0,0
07/05/2020,85.19,19,-1,0,0,0,0,0,-21,-7,-4,-29,-10,6,62.5,70.31,71.43,0,0
08/05/2020,85.19,19,0,0,0,0,0,0,-21,-8,-7,-29,-2,6,62.5,70.31,71.43,0,0
09/05/2020,85.19,19,4,0,0,0,0,0,-25,-11,-14,-35,3,5,62.5,70.31,71.43,0,0
10/05/2020,85.19,19,0,0,0,0,0,0,-21,-8,-10,-29,5,3,62.5,70.31,71.43,0,0
11/05/2020,85.19,19,0,0,0,0,0,0,-19,-6,-5,-24,-9,4,62.5,70.31,71.43,0,0
12/05/2020,85.19,19,0,0,0,0,0,0,-18,-5,-4,-25,-8,4,62.5,70.31,71.43,0,0
13/05/2020,85.19,19,1,0,0,0,0,0,-18,-6,-5,-24,-9,5,62.5,70.31,71.43,0,0
14/05/2020,85.19,19,0,0,0,0,0,0,-21,-8,-6,-28,-6,4,62.5,70.31,71.43,0,0
15/05/2020,85.19,19,0,0,0,0,0,0,-18,-4,-5,-27,-1,5,62.5,70.31,71.43,0,0
16/05/2020,85.19,19,0,0,0,0,0,0,-18,-5,-12,-28,4,4,62.5,70.31,71.43,0,0
17/05/2020,85.19,19,0,0,0,0,0,0,-14,-2,-9,-23,6,3,62.5,70.31,71.43,0,0
18/05/2020,56.48,19,0,0,0,0,0,0,-5,2,-1,-16,-22,4,62.5,54.17,52.98,0,0
19/05/2020,56.48,19,0,0,0,0,0,0,-12,1,-3,-20,-3,2,62.5,54.17,52.98,0,0
20/05/2020,56.48,19,0,0,0,0,0,0,-11,-1,-3,-19,-4,3,62.5,54.17,52.98,0,0
21/05/2020,56.48,19,0,0,0,0,0,0,-13,-1,-2,-21,-1,2,62.5,54.17,52.98,0,0
22/05/2020,56.48,19,0,0,0,0,0,0,-10,3,-2,-22,5,3,62.5,54.17,52.98,0,0
23/05/2020,56.48,19,0,0,0,0,0,0,-13,-2,-9,-26,8,3,62.5,54.17,52.98,0,0
24/05/2020,56.48,19,0,0,0,0,0,0,-11,0,-7,-22,8,3,62.5,54.17,52.98,0,0
25/05/2020,56.48,19,0,0,0,0,0,0,-12,-1,-5,-21,0,2,62.5,54.17,52.98,0,0
26/05/2020,56.48,19,0,0,0,0,0,0,-10,1,-3,-21,-1,2,62.5,54.17,52.98,0,0
27/05/2020,56.48,19,2,0,0,0,0,0,-10,-3,-4,-19,-2,3,62.5,54.17,52.98,0,0
28/05/2020,56.48,19,0,0,0,0,0,0,-10,-2,-3,-22,0,2,62.5,54.17,52.98,0,0
29/05/2020,56.48,19,0,0,0,0,0,0,-10,-1,-4,-22,7,3,62.5,54.17,52.98,0,0
30/05/2020,56.48,19,0,0,0,0,0,0,-12,-2,-10,-24,9,3,62.5,54.17,52.98,0,0
31/05/2020,56.48,19,0,0,0,0,0,0,-9,-1,-7,-23,8,2,62.5,54.17,52.98,0,0
01/06/2020,43.52,19,0,0,0,0,0,0,-9,1,-7,-21,0,2,62.5,46.87,44.64,0,0
02/06/2020,39.81,19,0,0,0,0,0,0,-9,0,-4,-21,-2,3,62.5,44.79,42.26,0,0
03/06/2020,39.81,19,2,0,0,0,0,0,-14,-5,-6,-21,-2,3,62.5,44.79,42.26,0,0
04/06/2020,39.81,19,0,0,0,0,0,0,-11,-5,-7,-25,0,3,62.5,44.79,42.26,0,0
05/06/2020,39.81,19,0,0,0,0,0,0,-8,-1,-7,-24,8,3,62.5,44.79,42.26,0,0
06/06/2020,39.81,19,0,0,0,0,0,0,-9,0,-10,-27,8,3,62.5,44.79,42.26,0,0
07/06/2020,39.81,19,0,0,0,0,0,0,-8,-1,-9,-24,8,2,62.5,44.79,42.26,0,0
08/06/2020,39.81,19,0,0,0,0,0,0,-8,-1,-5,-18,-1,1,62.5,44.79,42.26,0,0
09/06/2020,39.81,19,1,0,0,0,0,0,-6,2,-5,-19,-2,1,62.5,44.79,42.26,0,0
10/06/2020,39.81,19,0,0,0,0,0,0,-8,-1,-6,-19,-2,2,62.5,44.79,42.26,0,0
11/06/2020,39.81,19,0,0,0,0,0,0,-7,0,-3,-21,0,2,62.5,44.79,42.26,0,0
12/06/2020,39.81,19,0,0,0,0,0,0,-4,1,-1,-20,5,2,62.5,44.79,42.26,0,0
13/06/2020,39.81,19,0,0,0,0,0,0,-8,-1,-10,-25,5,3,62.5,44.79,42.26,0,0
14/06/2020,39.81,19,0,0,0,0,0,0,-6,0,-11,-23,6,2,62.5,44.79,42.26,0,0
15/06/2020,39.81,19,0,0,0,0,0,0,-5,1,-7,-18,2,2,62.5,44.79,42.26,0,0
16/06/2020,39.81,19,0,0,0,0,0,0,-4,5,-4,-18,1,1,62.5,44.79,42.26,0,0
17/06/2020,39.81,19,0,0,0,0,0,0,-7,-2,-7,-20,-2,2,62.5,44.79,42.26,0,0
18/06/2020,39.81,19,0,0,0,0,0,0,-7,0,-7,-21,1,2,62.5,44.79,42.26,0,0
19/06/2020,39.81,19,0,0,0,0,0,0,-9,0,-9,-23,1,4,62.5,44.79,42.26,0,0
20/06/2020,39.81,19,0,0,0,0,0,0,-7,13,-9,-19,2,4,62.5,44.79,42.26,0,0
21/06/2020,39.81,19,0,0,0,0,0,0,7,9,14,-19,2,-1,62.5,44.79,42.26,0,0
22/06/2020,39.81,19,0,0,0,0,0,0,-2,7,6,-18,-1,2,62.5,44.79,42.26,0,0
23/06/2020,39.81,19,0,0,0,0,0,0,-4,4,-3,-18,-2,2,62.5,44.79,42.26,0,0
24/06/2020,39.81,19,0,0,0,0,0,0,-8,-2,-6,-19,0,2,62.5,44.79,42.26,0,0
25/06/2020,39.81,19,0,0,0,0,0,0,-8,-3,-7,-23,2,3,62.5,44.79,42.26,0,0
26/06/2020,39.81,19,0,0,0,0,0,0,-8,-3,-8,-23,8,4,62.5,44.79,42.26,0,0
27/06/2020,39.81,19,0,0,0,0,0,0,-7,-1,-11,-25,5,4,62.5,44.79,42.26,0,0
28/06/2020,37.04,19,0,0,0,0,0,0,-10,-2,-13,-26,5,5,62.5,43.23,40.48,0,0
29/06/2020,37.04,19,0,0,0,0,0,0,-8,1,-7,-21,2,3,62.5,43.23,40.48,0,0
30/06/2020,37.04,19,0,0,0,0,0,0,-6,0,-5,-21,0,2,62.5,43.23,40.48,0,0
01/07/2020,20.37,19,0,0,0,0,0,0,-7,-2,-7,-20,-1,4,25,29.17,29.76,0,0
02/07/2020,20.37,19,0,0,0,0,0,0,-8,-3,-6,-23,0,3,25,29.17,29.76,0,0
03/07/2020,20.37,19,0,0,0,0,0,0,-5,1,-7,-20,5,4,25,29.17,29.76,0,0
04/07/2020,20.37,19,0,0,0,0,0,0,-6,0,-9,-24,3,3,25,29.17,29.76,0,0
05/07/2020,20.37,19,0,0,0,0,0,0,-4,2,-7,-24,4,3,25,29.17,29.76,0,0
06/07/2020,20.37,19,0,0,0,0,0,0,-4,1,-2,-20,-34,6,25,29.17,29.76,0,0
07/07/2020,20.37,19,0,0,0,0,0,0,-6,2,-7,-18,-5,3,25,29.17,29.76,0,0
08/07/2020,20.37,19,0,0,0,0,0,0,-8,-2,-9,-20,-4,4,25,29.17,29.76,0,0
09/07/2020,20.37,19,0,0,0,0,0,0,-9,-3,-7,-22,-3,5,25,29.17,29.76,0,0
10/07/2020,20.37,19,0,0,0,0,0,0,-5,-1,-5,-22,4,5,25,29.17,29.76,0,0
11/07/2020,20.37,19,0,0,0,0,0,0,-6,0,-4,-27,2,4,25,29.17,29.76,0,0
12/07/2020,20.37,19,0,0,0,0,0,0,-3,5,8,-24,3,5,25,29.17,29.76,0,0
13/07/2020,20.37,19,0,0,0,0,0,0,-1,9,13,-22,-6,5,25,29.17,29.76,0,0
14/07/2020,20.37,19,0,0,0,0,0,0,-5,4,0,-19,-8,5,25,29.17,29.76,0,0
15/07/2020,20.37,19,0,0,0,0,0,0,-6,0,-8,-19,-7,4,25,29.17,29.76,0,0
16/07/2020,20.37,19,0,0,0,0,0,0,-3,1,-4,-21,-4,3,25,29.17,29.76,0,0
17/07/2020,20.37,19,0,0,0,0,0,0,-5,1,-9,-21,0,5,25,29.17,29.76,0,0
18/07/2020,20.37,19,0,0,0,0,0,0,-13,-2,-15,-26,-1,6,25,29.17,29.76,0,0
19/07/2020,20.37,19,0,0,0,0,0,0,-21,-10,-20,-29,-7,9,25,29.17,29.76,0,0
20/07/2020,20.37,19,0,0,0,0,0,0,-5,5,-11,-22,-8,5,25,29.17,29.76,0,0
21/07/2020,20.37,19,0,0,0,0,0,0,-1,7,-6,-19,-10,4,25,29.17,29.76,0,0
22/07/2020,20.37,19,0,0,0,0,0,0,-8,-2,-11,-22,-10,6,25,29.17,29.76,0,0
23/07/2020,20.37,19,0,0,0,0,0,0,-9,-4,-11,-25,-8,6,25,29.17,29.76,0,0
24/07/2020,20.37,19,0,0,0,1,0,0,-4,1,-6,-20,0,4,25,29.17,29.76,0,0
25/07/2020,20.37,20,0,1,0,0,0,0,-3,3,-8,-20,2,3,25,29.17,29.76,0,0
26/07/2020,20.37,20,0,0,0,0,0,0,-3,4,-7,-20,1,3,25,29.17,29.76,0,0
27/07/2020,20.37,20,0,0,0,0,0,0,-2,4,-5,-17,-7,3,25,29.17,29.76,0,0
28/07/2020,20.37,20,0,0,0,0,0,0,-5,4,-5,-19,-9,3,25,29.17,29.76,0,0
29/07/2020,20.37,20,0,0,0,0,0,0,-4,2,-1,-18,-11,4,25,29.17,29.76,0,0
30/07/2020,20.37,20,0,0,0,0,0,0,-7,-1,-6,-21,-7,4,25,29.17,29.76,0,0
31/07/2020,20.37,20,0,0,0,0,0,0,-12,-4,-9,-21,-3,7,25,29.17,29.76,0,0
01/08/2020,36.11,20,0,0,0,0,0,0,-13,-2,-14,-27,-2,6,25,38.02,39.88,0,0
02/08/2020,36.11,20,0,0,0,0,0,0,-16,-2,-17,-25,-2,8,25,38.02,39.88,0,0
03/08/2020,36.11,20,0,0,0,0,0,0,-7,13,-6,-18,-10,5,25,38.02,39.88,0,0
04/08/2020,36.11,20,0,0,0,0,0,0,-6,-3,2,-25,-19,3,25,38.02,39.88,0,0
05/08/2020,36.11,20,0,0,0,0,0,0,-7,0,-4,-15,-8,4,25,38.02,39.88,0,0
06/08/2020,36.11,20,0,0,0,0,0,0,-11,-6,-6,-20,-7,5,25,38.02,39.88,0,0
07/08/2020,36.11,20,0,0,0,0,0,0,-9,-3,-9,-23,-1,6,25,38.02,39.88,0,0
08/08/2020,36.11,20,0,0,0,0,0,0,-9,0,-13,-22,3,6,25,38.02,39.88,0,0
09/08/2020,36.11,20,0,0,0,0,0,0,-9,0,-12,-21,2,6,25,38.02,39.88,0,0
10/08/2020,36.11,20,0,0,0,0,0,0,-7,2,-9,-17,-8,4,25,38.02,39.88,0,0
11/08/2020,36.11,20,0,0,0,0,0,0,-2,7,-4,-14,-8,3,25,38.02,39.88,0,0
12/08/2020,36.11,20,0,0,0,0,0,0,-7,0,-5,-15,-9,5,25,38.02,39.88,0,0
13/08/2020,36.11,20,0,0,0,0,0,0,-4,2,-3,-18,-7,4,25,38.02,39.88,0,0
14/08/2020,36.11,20,0,0,0,2,0,0,0,3,-4,-18,-2,4,25,38.02,39.88,0,0
15/08/2020,36.11,20,0,0,0,0,0,0,-2,6,-9,-20,3,3,25,38.02,39.88,0,0
16/08/2020,36.11,22,0,2,0,0,0,0,2,9,-7,-15,3,4,25,38.02,39.88,0,0
17/08/2020,36.11,22,0,0,0,0,0,0,1,11,-4,-11,-6,3,25,38.02,39.88,0,0
18/08/2020,36.11,22,0,0,0,0,0,0,1,17,-3,-10,-7,2,25,38.02,39.88,0,0
19/08/2020,36.11,22,0,0,0,0,0,0,-2,-2,2,-20,-15,2,25,38.02,39.88,0,0
20/08/2020,36.11,22,0,0,0,0,0,0,-4,0,-4,-22,-6,3,25,38.02,39.88,0,0
21/08/2020,36.11,22,1,0,0,0,0,0,-1,1,3,-22,-1,5,25,38.02,39.88,0,0
22/08/2020,36.11,22,0,0,0,0,0,0,-1,5,3,-23,-1,5,25,38.02,39.88,0,0
23/08/2020,36.11,22,0,0,0,0,0,0,1,6,5,-22,-1,6,25,38.02,39.88,0,0
24/08/2020,36.11,22,0,0,0,0,0,0,-4,2,-3,-21,-9,4,25,38.02,39.88,0,0
25/08/2020,36.11,22,1,0,0,0,0,0,-6,1,-8,-20,-9,4,75,46.35,42.26,0,0
26/08/2020,36.11,22,0,0,0,0,0,0,-12,-7,-9,-21,-7,4,75,46.35,42.26,0,0
27/08/2020,36.11,22,0,0,0,0,0,0,-7,-5,-5,-23,-9,3,75,46.35,42.26,0,0
28/08/2020,36.11,22,0,0,0,0,0,0,-6,-7,-7,-23,-4,4,75,46.35,42.26,0,0
29/08/2020,36.11,22,0,0,0,0,0,0,-6,-4,-12,-27,-5,4,75,46.35,42.26,0,0
30/08/2020,36.11,22,0,0,0,0,0,0,-3,-1,-10,-24,-3,4,75,46.35,42.26,0,0
31/08/2020,36.11,22,0,0,0,0,0,0,-5,-2,-11,-23,-5,3,75,46.35,42.26,0,0
01/09/2020,36.11,22,0,0,0,0,0,0,-5,-2,-11,-22,-7,4,75,46.35,42.26,0,0
02/09/2020,36.11,22,0,0,0,0,0,0,-8,-7,-10,-22,-6,5,75,46.35,42.26,0,0
03/09/2020,36.11,22,0,0,0,0,0,0,-7,-6,-6,-24,-6,4,75,46.35,42.26,0,0
04/09/2020,36.11,22,0,0,0,0,0,0,-17,-16,-14,-32,-3,8,75,46.35,42.26,0,0
05/09/2020,36.11,22,0,0,0,0,0,0,-15,-10,-19,-34,-5,10,75,46.35,42.26,0,0
06/09/2020,36.11,22,0,0,0,0,0,0,-11,-7,-19,-28,-4,9,75,46.35,42.26,0,0
07/09/2020,36.11,22,0,0,0,0,0,0,-10,-6,-14,-23,-6,6,75,46.35,42.26,0,0
08/09/2020,36.11,22,0,0,0,0,0,0,-12,-4,-15,-23,-9,5,75,46.35,42.26,0,0
09/09/2020,36.11,22,0,0,0,0,0,0,-20,-13,-19,-26,-9,7,75,46.35,42.26,0,0
10/09/2020,36.11,22,0,0,0,0,0,0,-15,-8,-15,-27,-7,5,75,46.35,42.26,0,0
11/09/2020,36.11,22,0,0,0,1,0,0,-10,-8,-14,-26,1,6,75,46.35,42.26,0,0
12/09/2020,36.11,23,0,1,0,0,0,0,-11,-4,-16,-30,-6,6,75,46.35,42.26,0,0
13/09/2020,36.11,23,0,0,0,0,0,0,-10,-4,-12,-25,-8,7,75,46.35,42.26,0,0
14/09/2020,36.11,23,1,0,0,0,0,0,-10,-4,-16,-24,-6,5,75,46.35,42.26,0,0
15/09/2020,36.11,23,0,0,0,0,0,0,-10,-4,-17,-21,-10,5,75,46.35,42.26,0,0
16/09/2020,36.11,23,0,0,0,0,0,0,-9,-5,-18,-18,-11,2,75,46.35,42.26,0,0
17/09/2020,36.11,23,0,0,0,0,0,0,-9,2,-23,-16,-13,-1,75,46.35,42.26,0,0
18/09/2020,36.11,23,0,0,0,0,0,0,20,0,-2,-18,-29,-2,75,46.35,42.26,0,0
19/09/2020,36.11,23,0,0,0,0,0,0,2,-3,-18,-23,-31,1,75,46.35,42.26,0,0
20/09/2020,36.11,23,0,0,0,0,0,0,-12,-1,-25,-22,-20,3,75,46.35,42.26,0,0
21/09/2020,36.11,23,0,0,0,0,0,0,-11,-3,-31,-24,-16,1,75,46.35,42.26,0,0
22/09/2020,36.11,23,0,0,0,0,0,0,-8,1,-29,-21,-16,-1,75,41.67,36.9,0,0
23/09/2020,36.11,23,0,0,0,0,0,0,-17,-13,-31,-26,-29,5,75,41.67,36.9,0,0
24/09/2020,36.11,23,0,0,0,0,0,0,-14,-7,-26,-25,-10,3,75,41.67,36.9,0,0
25/09/2020,36.11,23,0,0,0,0,0,0,-10,-8,-24,-29,-3,5,75,41.67,36.9,0,0
26/09/2020,36.11,23,0,0,0,0,0,0,-11,-5,-25,-31,-7,6,75,41.67,36.9,0,0
27/09/2020,36.11,23,0,0,0,0,0,0,-11,-5,-22,-28,-12,7,75,41.67,36.9,0,0
28/09/2020,36.11,23,0,0,0,0,0,0,-10,-6,-25,-26,-8,5,75,41.67,36.9,0,0
29/09/2020,36.11,23,0,0,0,0,0,0,-11,-4,-24,-26,-11,4,75,41.67,36.9,0,0
30/09/2020,36.11,23,0,0,0,0,0,0,-15,-10,-30,-29,-7,4,75,41.67,36.9,0,0
01/10/2020,36.11,23,0,0,0,0,0,0,-15,-7,-29,-30,-7,5,75,41.67,36.9,0,0
02/10/2020,36.11,23,0,0,0,0,0,0,-12,-7,-32,-29,0,6,75,41.67,36.9,0,0
03/10/2020,36.11,23,0,0,0,0,0,0,-17,-8,-33,-31,-11,7,75,41.67,36.9,0,0
04/10/2020,36.11,23,0,0,0,0,0,0,-17,-8,-33,-30,-14,9,75,41.67,36.9,0,0
05/10/2020,36.11,23,0,0,0,0,0,0,-15,-6,-34,-27,-8,5,75,41.67,36.9,0,0
06/10/2020,36.11,23,0,0,0,0,0,0,-13,-3,-33,-25,-8,4,75,41.67,36.9,0,0
07/10/2020,36.11,23,0,0,0,0,0,0,-15,-7,-29,-28,-4,4,75,41.67,36.9,0,0
08/10/2020,36.11,23,0,0,0,0,0,0,-10,-5,-24,-31,-5,3,75,41.67,36.9,0,0
09/10/2020,36.11,23,0,0,0,0,0,0,-7,-3,-15,-30,-1,3,75,41.67,36.9,0,0
10/10/2020,36.11,23,0,0,0,0,0,0,-9,0,-18,-34,-10,3,75,41.67,36.9,0,0
11/10/2020,36.11,23,0,0,0,0,0,0,-10,-2,-22,-31,-12,3,75,41.67,36.9,0,0
12/10/2020,36.11,23,0,0,0,0,0,0,-10,-2,-27,-29,-5,3,75,41.67,36.9,0,0
13/10/2020,36.11,23,0,0,0,0,0,0,-9,0,-27,-26,-7,2,75,41.67,36.9,0,0
14/10/2020,36.11,23,0,0,0,0,0,0,-15,-10,-34,-30,-7,4,0,36.98,42.26,0,0
15/10/2020,36.11,23,0,0,0,0,0,0,-16,-10,-35,-30,-9,4,0,36.98,42.26,0,0
16/10/2020,36.11,23,0,0,0,0,0,0,0,-1,-32,-25,-2,2,0,36.98,42.26,0,0
17/10/2020,36.11,23,0,0,0,0,0,0,4,2,-27,-31,-17,2,0,36.98,42.26,0,0
18/10/2020,36.11,23,0,0,0,0,0,0,-6,-1,-32,-27,-12,4,0,36.98,42.26,0,0
19/10/2020,36.11,23,0,0,0,0,0,0,-9,-3,-36,-28,-7,3,0,36.98,42.26,0,0
20/10/2020,36.11,23,0,0,0,0,0,0,-10,0,-35,-28,-8,2,0,36.98,42.26,0,0
21/10/2020,36.11,23,0,0,0,1,0,0,-15,-9,-34,-30,-7,3,0,36.98,42.26,0,0
22/10/2020,36.11,24,0,1,0,0,0,0,-13,-6,-30,-31,-5,2,0,36.98,42.26,0,0
23/10/2020,36.11,24,0,0,0,0,0,0,-12,-9,-29,-31,1,3,0,36.98,42.26,0,0
24/10/2020,36.11,24,0,0,0,0,0,0,-14,-5,-29,-31,-9,4,0,36.98,42.26,0,0
25/10/2020,36.11,24,0,0,0,0,0,0,-11,-3,-28,-31,-12,4,0,36.98,42.26,0,0
26/10/2020,36.11,24,0,0,0,0,0,0,-14,-7,-33,-32,-5,2,0,36.98,42.26,0,0
27/10/2020,36.11,24,0,0,0,0,0,0,-14,-5,-32,-31,-7,3,0,36.98,42.26,0,0
28/10/2020,36.11,24,0,0,0,0,0,0,-15,-9,-32,-28,-6,4,0,36.98,42.26,0,0
29/10/2020,36.11,24,0,0,0,0,0,0,-14,-8,-29,-31,-4,3,0,36.98,42.26,0,0
30/10/2020,36.11,24,0,0,0,0,0,0,-11,-8,-27,-30,2,3,0,36.98,42.26,0,0
31/10/2020,36.11,24,0,0,0,0,0,0,-13,-3,-28,-28,-9,4,0,36.98,42.26,0,0
01/11/2020,33.33,24,0,0,0,0,0,0,-11,-1,-25,-29,-15,5,0,35.42,40.48,0,0
02/11/2020,33.33,24,1,0,0,0,0,0,-13,-5,-28,-30,-5,3,0,35.42,40.48,0,0
03/11/2020,33.33,24,0,0,0,0,0,0,-13,-4,-25,-30,-6,2,87.5,46.35,40.48,0,0
04/11/2020,33.33,24,0,0,0,0,0,0,-15,-9,-25,-30,-5,3,87.5,46.35,40.48,0,0
05/11/2020,33.33,24,0,0,0,0,0,0,-13,-7,-16,-32,-5,3,87.5,46.35,40.48,0,0
06/11/2020,33.33,24,0,0,0,0,0,0,-8,-7,-10,-31,1,3,87.5,46.35,40.48,0,0
07/11/2020,33.33,24,0,0,0,0,0,0,-12,-4,-19,-34,-11,3,87.5,46.35,40.48,0,0
08/11/2020,33.33,24,0,0,0,0,0,0,-10,-3,-22,-31,-13,4,87.5,46.35,40.48,0,0
09/11/2020,33.33,24,0,0,0,0,0,0,-12,-6,-27,-30,-5,3,87.5,46.35,40.48,0,0
10/11/2020,33.33,24,0,0,0,0,0,0,-12,-4,-24,-30,-6,3,87.5,46.35,40.48,0,0
11/11/2020,33.33,24,0,0,0,0,0,0,-13,-7,-24,-29,-5,3,87.5,46.35,40.48,0,0
12/11/2020,33.33,24,0,0,0,0,0,0,-12,-6,-20,-30,-4,3,87.5,46.35,40.48,0,0
13/11/2020,33.33,24,0,0,0,0,0,0,-8,-6,-18,-29,4,3,87.5,46.35,40.48,0,0
14/11/2020,33.33,24,0,0,0,0,0,0,-10,-2,-21,-29,-8,3,87.5,46.35,40.48,0,0
15/11/2020,33.33,24,0,0,0,0,0,0,-9,1,-23,-33,-11,4,87.5,46.35,40.48,0,0
16/11/2020,33.33,24,0,0,0,0,0,0,-9,0,-29,-28,-3,2,87.5,46.35,40.48,0,0
17/11/2020,33.33,24,0,0,0,0,0,0,-6,2,-28,-26,-3,1,87.5,46.35,40.48,0,0
18/11/2020,33.33,25,0,1,0,0,0,0,-11,-2,-20,-29,-58,7,87.5,46.35,40.48,0,0
19/11/2020,33.33,25,0,0,0,0,0,0,-12,-3,-27,-30,-1,3,87.5,46.35,40.48,0,0
20/11/2020,33.33,25,0,0,0,0,0,0,-9,-3,-23,-28,7,4,87.5,46.35,40.48,0,0
21/11/2020,33.33,25,0,0,0,0,0,0,-10,3,-20,-30,-8,5,87.5,46.35,40.48,0,0
22/11/2020,33.33,25,0,0,0,0,0,0,-7,3,-18,-27,-10,5,87.5,46.35,40.48,0,0
23/11/2020,33.33,25,0,0,0,0,0,0,-9,1,-26,-27,-1,3,87.5,46.35,40.48,0,0
24/11/2020,33.33,39,0,14,0,0,0,0,-10,1,-27,-27,-1,3,87.5,46.35,40.48,0,0
25/11/2020,33.33,39,0,0,0,0,0,0,-13,-4,-21,-27,-2,5,87.5,46.35,40.48,0,0
26/11/2020,33.33,39,0,0,0,0,0,0,-8,2,-5,-28,-3,5,87.5,46.35,40.48,0,0
27/11/2020,33.33,39,1,0,0,0,0,0,-6,3,-2,-26,2,6,87.5,46.35,40.48,0,0
28/11/2020,33.33,39,0,0,0,0,0,0,-10,6,-14,-26,-8,7,87.5,46.35,40.48,0,0
29/11/2020,33.33,39,0,0,0,0,0,0,-10,5,-17,-26,-12,7,87.5,46.35,40.48,0,0
30/11/2020,29.63,39,2,0,0,0,0,0,-10,4,-22,-26,-6,6,87.5,44.27,38.1,0,0
01/12/2020,29.63,39,0,0,0,0,0,0,-10,4,-19,-22,-8,5,87.5,44.27,38.1,0,0
02/12/2020,29.63,39,0,0,0,0,0,0,-11,1,-16,-20,-6,6,87.5,44.27,38.1,0,0
03/12/2020,29.63,39,0,0,0,0,0,0,-9,2,-12,-20,-7,5,87.5,44.27,38.1,0,0
04/12/2020,29.63,39,0,0,0,0,0,0,-8,2,-13,-22,0,6,87.5,44.27,38.1,0,0
05/12/2020,29.63,39,0,0,0,0,0,0,-13,4,-19,-24,-11,7,87.5,44.27,38.1,0,0
06/12/2020,29.63,39,0,0,0,0,0,0,-12,4,-16,-20,-15,7,87.5,44.27,38.1,0,0
07/12/2020,29.63,39,0,0,0,0,0,0,-10,5,-20,-22,-5,6,87.5,44.27,38.1,0,0
08/12/2020,29.63,41,2,2,0,0,0,0,-10,7,-17,-22,-5,6,87.5,44.27,38.1,0,0
09/12/2020,29.63,41,0,0,0,0,0,0,-12,1,-18,-19,-3,6,87.5,44.27,38.1,0,0
10/12/2020,29.63,41,5,0,0,0,0,0,-7,5,-15,-22,-4,5,87.5,44.27,38.1,0,0
11/12/2020,29.63,41,0,0,0,0,0,0,-3,4,-13,-21,-1,5,87.5,44.27,38.1,0,0
12/12/2020,29.63,41,0,0,0,0,0,0,-11,5,-18,-24,-11,7,87.5,44.27,38.1,0,0
13/12/2020,29.63,41,0,0,0,0,0,0,-9,5,-10,-25,-14,5,87.5,44.27,38.1,0,0
14/12/2020,29.63,41,1,0,0,0,0,0,-7,6,-15,-21,-6,5,87.5,44.27,38.1,0,0
15/12/2020,29.63,41,0,0,0,0,0,0,-4,10,-10,-17,-8,5,87.5,44.27,38.1,0,0
16/12/2020,29.63,41,2,0,0,0,0,0,-6,9,-8,-14,-8,5,87.5,44.27,38.1,0,0
17/12/2020,29.63,41,0,0,0,0,0,0,3,31,11,-7,-23,2,87.5,44.27,38.1,0,0
18/12/2020,29.63,41,0,0,0,0,0,0,-18,-4,13,-31,-64,10,87.5,44.27,38.1,0,0
19/12/2020,29.63,41,0,0,0,0,0,0,-19,2,-6,-29,-30,8,87.5,44.27,38.1,0,0
20/12/2020,29.63,41,0,0,0,0,0,0,-14,4,-13,-16,-15,7,87.5,44.27,38.1,0,0
21/12/2020,29.63,41,1,0,0,0,0,0,-11,5,-22,-19,-2,7,87.5,44.27,38.1,0,0
22/12/2020,29.63,41,0,0,0,0,0,0,-12,5,-22,-23,-2,7,87.5,44.27,38.1,0,0
23/12/2020,29.63,41,0,0,0,0,0,0,-14,-1,-22,-24,-1,7,87.5,44.27,38.1,0,0
24/12/2020,29.63,41,0,0,0,0,0,0,-12,0,-21,-28,-1,7,87.5,44.27,38.1,0,0
25/12/2020,29.63,41,0,0,0,0,0,0,-10,-2,-22,-29,5,7,87.5,44.27,38.1,0,0
26/12/2020,29.63,41,0,0,0,0,0,0,-14,-2,-27,-31,-7,6,87.5,44.27,38.1,0,0
27/12/2020,29.63,41,0,0,0,0,0,0,-12,1,-23,-29,-11,7,87.5,44.27,38.1,0,0
28/12/2020,29.63,41,3,0,0,0,0,0,-12,-1,-26,-28,-2,6,87.5,44.27,38.1,0,0
29/12/2020,29.63,41,0,0,0,0,0,0,-10,4,-23,-28,-3,6,87.5,44.27,38.1,0,0
30/12/2020,29.63,41,0,0,0,0,0,0,-14,-4,-25,-27,-6,6,87.5,44.27,38.1,0,0
31/12/2020,29.63,41,0,0,0,0,0,0,-15,-8,-28,-36,-9,4,87.5,44.27,38.1,0,0
01/01/2021,29.63,41,0,0,0,0,0,0,-17,-12,-30,-39,-6,5,87.5,44.27,38.1,0,0
02/01/2021,29.63,41,0,0,0,0,0,0,-20,-14,-36,-42,-17,4,87.5,44.27,38.1,0,0
03/01/2021,29.63,41,0,0,0,0,0,0,-20,-12,-32,-38,-20,6,87.5,44.27,38.1,0,0
04/01/2021,29.63,41,0,0,0,0,0,0,-17,-10,-34,-36,-11,6,87.5,44.27,38.1,0,0
05/01/2021,29.63,41,0,0,0,0,0,0,-16,-8,-32,-35,-13,5,87.5,44.27,38.1,0,0
06/01/2021,29.63,41,0,0,0,0,0,0,-17,-12,-31,-34,-13,5,87.5,44.27,38.1,0,0
07/01/2021,29.63,41,0,0,0,0,0,0,-16,-11,-30,-34,-14,5,87.5,44.27,38.1,0,0
08/01/2021,29.63,41,0,0,0,0,0,0,-15,-11,-28,-35,-10,6,87.5,44.27,38.1,0,0
09/01/2021,29.63,41,0,0,0,0,0,0,-18,-8,-31,-38,-16,6,87.5,44.27,38.1,0,0
10/01/2021,29.63,41,0,0,0,0,0,0,-15,-8,-28,-32,-17,5,87.5,44.27,38.1,0,0
11/01/2021,29.63,41,0,0,0,0,0,0,-14,-8,-31,-33,-16,6,87.5,44.27,38.1,0,0
12/01/2021,29.63,41,0,0,0,0,0,0,-14,-6,-30,-32,-17,5,87.5,44.27,38.1,0,0
13/01/2021,29.63,41,0,0,0,0,0,0,-17,-11,-29,-33,-17,6,87.5,44.27,38.1,0,0
14/01/2021,29.63,41,1,0,0,0,0,0,-14,-7,-27,-34,-18,5,87.5,44.27,38.1,0,0
15/01/2021,29.63,41,0,0,0,0,0,0,-14,-8,-29,-35,-11,5,87.5,44.27,38.1,0,0
16/01/2021,29.63,41,0,0,0,0,0,0,-17,-3,-33,-36,-14,4,87.5,44.27,38.1,0,0
17/01/2021,29.63,41,0,0,0,0,0,0,-15,0,-32,-29,-17,4,87.5,44.27,38.1,0,0
18/01/2021,22.22,41,0,0,0,0,0,0,-13,-1,-37,-32,-10,2,87.5,45.52,39.52,0,0
19/01/2021,22.22,41,0,0,0,0,0,0,-13,1,-35,-33,-10,2,87.5,45.52,39.52,0,0
20/01/2021,22.22,41,0,0,0,0,0,0,-16,-7,-36,-34,-9,4,87.5,45.52,39.52,0,0
21/01/2021,22.22,41,0,0,0,0,0,0,-15,-6,-34,-35,-10,3,87.5,45.52,39.52,0,0
22/01/2021,22.22,41,0,0,0,0,0,0,-12,-6,-32,-36,-4,4,87.5,45.52,39.52,0,0
23/01/2021,22.22,43,0,2,0,0,0,0,-15,-4,-34,-36,-15,5,87.5,45.52,39.52,0,0
24/01/2021,22.22,43,0,0,0,0,0,0,-14,-4,-29,-34,-18,5,87.5,45.52,39.52,0,0
25/01/2021,22.22,43,0,0,0,0,0,0,-16,-7,-39,-35,-12,4,87.5,45.52,39.52,0,0
26/01/2021,22.22,44,0,1,0,0,0,0,-20,-7,-38,-35,-17,6,87.5,45.52,39.52,0,0
27/01/2021,22.22,44,0,0,0,0,0,0,-12,2,-33,-26,-12,3,87.5,45.52,39.52,0,0
28/01/2021,22.22,44,0,0,0,0,0,0,-8,5,-31,-27,-15,1,87.5,45.52,39.52,0,0
29/01/2021,22.22,44,0,0,0,0,0,0,-8,-4,-30,-30,-16,1,87.5,45.52,39.52,0,0
30/01/2021,22.22,44,0,0,0,0,0,0,-11,2,-34,-32,-20,1,87.5,45.52,39.52,0,0
31/01/2021,22.22,44,0,0,0,0,0,0,3,5,-27,-24,-23,-1,87.5,45.52,39.52,0,0
01/02/2021,22.22,44,0,0,0,0,0,0,-10,0,-42,-29,-18,-1,87.5,45.52,39.52,0,0
02/02/2021,22.22,44,0,0,0,0,0,0,-14,0,-43,-32,-17,1,87.5,45.52,39.52,0,0
03/02/2021,22.22,44,0,0,0,0,0,0,-17,-6,-43,-33,-16,1,87.5,45.52,39.52,0,0
04/02/2021,22.22,45,0,1,0,0,0,0,-15,-3,-40,-34,-15,1,87.5,45.52,39.52,0,0
05/02/2021,22.22,45,0,0,0,0,0,0,-13,-4,-40,-36,-9,2,87.5,45.52,39.52,0,0
06/02/2021,22.22,45,0,0,0,0,0,0,-16,-2,-41,-36,-15,3,87.5,45.52,39.52,0,0
07/02/2021,22.22,45,0,0,0,0,0,0,-11,3,-38,-36,-18,1,87.5,45.52,39.52,0,0
08/02/2021,22.22,45,0,0,0,0,0,0,-13,0,-43,-31,-15,0,87.5,45.52,39.52,0,0
09/02/2021,22.22,45,0,0,0,0,0,0,-10,1,-41,-30,-15,0,87.5,45.52,39.52,0,0
10/02/2021,22.22,45,0,0,0,0,0,0,-14,-6,-39,-31,-17,0,87.5,45.52,39.52,0,0
11/02/2021,22.22,45,0,0,0,0,0,0,-10,-1,-37,-33,-15,0,87.5,45.52,39.52,0,0
12/02/2021,22.22,45,0,0,0,0,0,0,-5,2,-28,-32,-12,1,87.5,45.52,39.52,0,0
13/02/2021,22.22,45,0,0,0,0,0,0,-8,3,-31,-35,-19,0,87.5,45.52,39.52,0,0
14/02/2021,22.22,45,0,0,0,0,0,0,-8,5,-34,-29,-22,2,87.5,45.52,39.52,0,0
15/02/2021,22.22,45,0,0,0,0,0,0,-9,3,-43,-31,-14,0,87.5,45.52,39.52,0,0
16/02/2021,16.67,45,0,0,0,0,0,0,-9,4,-41,-30,-14,0,87.5,42.4,35.95,0,0
17/02/2021,16.67,45,0,0,0,0,0,0,-14,-2,-42,-31,-14,1,87.5,42.4,35.95,0,0
18/02/2021,16.67,45,0,0,0,0,0,0,-10,1,-39,-32,-13,0,87.5,42.4,35.95,0,0
19/02/2021,16.67,45,0,0,0,0,0,0,-8,0,-35,-29,-11,1,87.5,42.4,35.95,0,0
20/02/2021,16.67,45,0,0,0,0,0,0,-10,4,-32,-30,-21,0,87.5,42.4,35.95,0,0
21/02/2021,16.67,45,0,0,0,0,0,0,-9,2,-27,-28,-26,1,87.5,42.4,35.95,0,0
22/02/2021,16.67,45,1,0,0,0,0,0,-3,2,-28,-21,-63,3,87.5,42.4,35.95,0,0
23/02/2021,16.67,45,0,0,0,0,0,0,-9,3,-41,-29,-14,-2,87.5,42.4,35.95,0,0
24/02/2021,16.67,45,0,0,0,0,0,0,-13,-1,-40,-32,-12,2,87.5,42.4,35.95,0,0
25/02/2021,16.67,45,0,0,0,0,0,0,-11,-1,-37,-35,-13,1,87.5,42.4,35.95,0,0
26/02/2021,16.67,45,0,0,0,0,0,0,-9,-2,-37,-35,-5,1,87.5,42.4,35.95,0,0
27/02/2021,16.67,45,0,0,0,0,0,0,-11,3,-37,-36,-17,3,87.5,42.4,35.95,0,0
28/02/2021,16.67,45,0,0,0,0,0,0,-9,4,-35,-30,-22,3,87.5,42.4,35.95,0,0
01/03/2021,16.67,45,0,0,0,0,0,0,-10,3,-42,-34,-11,1,87.5,42.4,35.95,0,0
02/03/2021,16.67,45,0,0,0,0,0,0,-9,2,-41,-32,-12,0,87.5,42.4,35.95,0,0
03/03/2021,16.67,45,0,0,0,0,0,0,-13,-2,-40,-32,-11,2,87.5,42.4,35.95,0,0
04/03/2021,16.67,45,0,0,0,0,0,0,-10,0,-39,-33,-10,0,87.5,42.4,35.95,0,0
05/03/2021,16.67,45,0,0,2,0,0,0,-6,1,-35,-31,-4,0,87.5,42.4,35.95,0,0
06/03/2021,16.67,47,0,2,0,0,0,0,-9,3,-33,-34,-16,1,87.5,42.4,35.95,0,0
07/03/2021,16.67,47,0,0,0,0,0,0,-13,1,-34,-33,-20,2,87.5,42.4,35.95,0,0
08/03/2021,16.67,47,0,0,0,0,0,0,-9,4,-41,-34,-11,0,87.5,42.4,35.95,0,0
09/03/2021,16.67,47,0,0,0,0,0,0,-9,3,-41,-32,-11,0,87.5,42.4,35.95,0,0
10/03/2021,16.67,47,0,0,0,0,0,0,-12,-2,-40,-32,-11,1,87.5,42.4,35.95,0,0
11/03/2021,16.67,48,0,1,0,0,0,0,-8,0,-37,-33,-9,0,87.5,42.4,35.95,0,0
12/03/2021,16.67,48,0,0,0,0,0,0,-5,0,-33,-32,-4,0,87.5,42.4,35.95,0,0
13/03/2021,16.67,48,0,0,0,0,0,0,-9,4,-35,-35,-15,1,87.5,42.4,35.95,0,0
14/03/2021,16.67,49,0,1,0,0,0,0,-8,5,-34,-34,-21,3,87.5,42.4,35.95,0,0
15/03/2021,16.67,49,0,0,0,0,0,0,-10,2,-43,-34,-10,0,87.5,42.4,35.95,0,0
16/03/2021,16.67,49,0,0,0,0,0,0,-7,4,-40,-32,-10,0,87.5,42.4,35.95,0,0
17/03/2021,16.67,49,3,0,0,0,0,0,-8,1,-38,-31,-10,1,87.5,42.4,35.95,40732,0
18/03/2021,16.67,49,0,0,0,0,0,0,-5,4,-37,-31,-8,0,87.5,42.4,35.95,43047.571,1081.464
19/03/2021,16.67,49,0,0,0,0,0,0,-5,2,-35,-34,-2,1,87.5,42.4,35.95,45363.142,2162.928
20/03/2021,16.67,49,0,0,0,0,0,0,-7,5,-35,-35,-15,1,87.5,42.4,35.95,47678.713,3244.392
21/03/2021,16.67,49,0,0,0,0,0,0,-18,-3,-41,-39,-25,7,87.5,42.4,35.95,49994.284,4325.856
22/03/2021,16.67,49,0,0,0,0,0,0,-6,7,-41,-33,-11,1,87.5,42.4,35.95,52309.855,5407.32
23/03/2021,16.67,49,0,0,0,0,0,0,-5,7,-40,-31,-12,1,87.5,42.4,35.95,54625.426,6488.784
24/03/2021,16.67,49,0,0,0,0,0,0,-5,6,-38,-28,-11,0,87.5,42.4,35.95,56940.997,7570.248
25/03/2021,16.67,49,0,0,0,0,0,0,-1,9,-35,-24,-9,-1,87.5,42.4,35.95,59256.568,8651.712
26/03/2021,16.67,49,0,0,0,0,0,0,2,10,-33,-18,-7,0,87.5,42.4,35.95,61572.139,9733.176
27/03/2021,16.67,49,0,0,0,0,0,0,-2,15,-34,-13,-14,-1,87.5,42.4,35.95,63887.71,10814.64
28/03/2021,16.67,49,0,0,0,0,0,0,1,20,-28,-13,-21,1,87.5,42.4,35.95,66203.281,11896.104
29/03/2021,16.67,49,0,0,0,0,0,0,2,20,-26,-9,-34,-1,87.5,44.48,38.33,68518.852,12977.568
30/03/2021,16.67,49,0,0,0,0,0,0,-6,20,-20,-7,-49,1,87.5,44.48,38.33,70834.423,14059.032
31/03/2021,16.67,49,0,0,0,0,0,0,-22,3,-14,-21,-73,4,87.5,44.48,38.33,73149.994,15140.496
01/04/2021,16.67,49,0,0,0,0,0,0,-22,-1,-11,-35,-74,4,87.5,44.48,38.33,75465.565,16221.96
02/04/2021,16.67,49,1,0,0,0,0,0,-31,-13,-22,-42,-71,7,87.5,44.48,38.33,77781.136,17303.424
03/04/2021,16.67,49,0,0,0,0,0,0,-32,-9,-35,-35,-46,4,87.5,44.48,38.33,80096.707,18384.888
04/04/2021,16.67,49,0,0,0,0,0,0,-28,-5,-41,-18,-31,6,87.5,44.48,38.33,82412.278,19466.352
05/04/2021,16.67,49,0,0,0,0,0,0,-14,5,-44,-24,-17,2,87.5,44.48,38.33,84727.849,20547.816
06/04/2021,16.67,49,1,0,0,0,0,0,-18,5,-44,-28,-15,3,87.5,45.73,39.76,87043.42,21629.28
07/04/2021,16.67,49,0,0,0,0,0,0,-27,-1,-44,-32,-18,7,87.5,45.73,39.76,89358.991,22710.744
08/04/2021,16.67,49,0,0,0,0,0,0,-37,-14,-45,-47,-30,12,87.5,45.73,39.76,91674.562,23792.208
09/04/2021,16.67,49,0,0,0,0,0,0,-45,-23,-48,-59,-33,18,87.5,45.73,39.76,93990.133,24873.672
10/04/2021,16.67,49,0,0,0,0,0,0,-55,-32,-54,-67,-35,20,87.5,45.73,39.76,96305.704,25955.136
11/04/2021,16.67,49,0,0,1,2,0,0,-59,-37,-54,-71,-40,23,87.5,45.73,39.76,98621.275,27036.6
12/04/2021,16.67,51,2,2,0,0,0,0,-58,-36,-55,-70,-54,22,87.5,45.73,39.76,100936.846,28118.064
13/04/2021,16.67,52,0,1,0,9,0,0,-61,-38,-56,-72,-59,23,87.5,45.73,39.76,103252.417,29199.528
14/04/2021,16.67,52,0,0,0,1,0,0,-64,-44,-58,-75,-60,26,87.5,45.73,39.76,105567.988,30280.992
15/04/2021,16.67,53,0,1,0,0,0,0,-64,-45,-57,-75,-61,27,87.5,45.73,39.76,105675.388,30408.992
16/04/2021,16.67,53,0,0,0,0,0,0,-62,-41,-57,-76,-56,28,87.5,45.73,39.76,105782.788,30536.992
17/04/2021,16.67,54,0,1,4,0,0,0,-65,-43,-60,-77,-55,26,87.5,45.73,39.76,105890.188,30664.992
18/04/2021,16.67,58,0,4,0,0,0,0,-62,-40,-57,-76,-46,25,87.5,45.73,39.76,105997.588,30792.992
19/04/2021,16.67,58,0,0,0,0,0,0,-59,-37,-57,-75,-70,27,62.5,43.85,41.19,106104.988,30920.992
20/04/2021,16.67,58,0,0,1,1,0,0,-55,-30,-55,-68,-58,22,62.5,43.85,41.19,107302.988,36797.492
21/04/2021,16.67,60,0,2,26,2,0,0,-56,-34,-54,-71,-56,22,62.5,43.85,41.19,108500.988,42673.992
22/04/2021,86.11,88,0,28,5,1,0,0,-53,-31,-50,-69,-54,20,62.5,82.92,85.83,109706,47112
23/04/2021,86.11,94,0,6,65,0,0,0,-53,-32,-52,-70,-49,23,62.5,82.92,85.83,116008,52163.5
24/04/2021,86.11,158,0,64,88,0,0,0,-56,-32,-56,-71,-41,20,62.5,82.92,85.83,122310,57215
25/04/2021,86.11,245,0,87,76,0,0,0,-54,-31,-53,-70,-40,20,62.5,82.92,85.83,124191,57765
26/04/2021,86.11,312,0,67,113,0,0,0,-47,-24,-52,-66,-51,19,62.5,82.92,85.83,126072,58315
27/04/2021,77.31,425,0,113,75,0,0,0,-47,-22,-52,-65,-51,18,62.5,79.22,81.61,146009.71,60097.714
28/04/2021,77.31,500,1,75,93,0,0,0,-49,-25,-50,-63,-51,18,62.5,79.22,81.61,165947.42,61880.428
29/04/2021,77.31,582,0,82,68,0,0,0,-50,-28,-51,-64,-50,18,62.5,79.22,81.61,185885.13,63663.142
30/04/2021,77.31,642,1,60,85,0,0,0,-50,-29,-51,-67,-45,21,62.5,79.22,81.61,205822.84,65445.856
01/05/2021,77.31,714,0,72,64,0,0,0,-52,-27,-54,-68,-36,18,62.5,79.22,81.61,225760.55,67228.57
02/05/2021,77.31,778,0,64,112,0,0,0,-51,-27,-51,-68,-37,18,62.5,79.22,81.61,245698.26,69011.284
03/05/2021,77.31,880,9,102,33,0,0,0,-45,-21,-51,-63,-47,18,62.5,79.22,81.61,265635.97,70793.998
04/05/2021,77.31,913,0,33,60,0,0,0,-46,-20,-50,-61,-48,16,62.5,79.22,81.61,285573.68,72576.712
05/05/2021,77.31,966,39,53,46,0,0,0,-48,-24,-49,-63,-48,18,62.5,79.22,81.61,305511.39,74359.426
06/05/2021,77.31,1012,2,46,105,0,0,0,-46,-22,-44,-61,-45,16,62.5,79.22,81.61,325449.1,76142.14
07/05/2021,77.31,1117,21,105,28,0,0,0,-45,-21,-42,-63,-38,18,62.5,79.22,81.61,345386.81,77924.854
08/05/2021,77.31,1145,28,28,28,0,0,0,-48,-20,-46,-63,-30,15,62.5,79.22,81.61,365324.52,79707.568
09/05/2021,77.31,1173,82,28,69,0,0,0,-47,-22,-43,-63,-33,14,62.5,79.22,81.61,385262.23,81490.282
10/05/2021,77.31,1242,6,69,25,0,1,1,-42,-18,-45,-60,-40,13,62.5,79.22,81.61,405199.94,83272.996
11/05/2021,77.31,1267,59,25,35,0,1,0,-40,-13,-42,-57,-41,13,62.5,79.22,81.61,422645.69,84575.496
12/05/2021,77.31,1302,31,35,55,0,1,0,-42,-16,-40,-58,-42,14,62.5,79.22,81.61,440091.44,85877.996
13/05/2021,77.31,1357,103,55,65,0,1,0,-40,-16,-39,-56,-38,13,62.5,79.22,81.61,457537.19,87180.496
14/05/2021,77.31,1422,82,65,1,15,1,0,-38,-15,-38,-57,-32,14,62.5,79.22,81.61,474982.94,88482.996
15/05/2021,77.31,1438,42,16,51,21,2,1,-42,-14,-42,-58,-28,12,62.5,79.22,81.61,493481,89266
16/05/2021,77.31,1510,19,72,11,10,2,0,-40,-15,-39,-56,-32,11,62.5,79.22,81.61,513326.5,89835.5
17/05/2021,77.31,1531,8,21,47,0,2,0,-31,-5,-39,-50,-37,10,62.5,79.22,81.61,533172,90405
18/05/2021,79.63,1578,104,47,49,0,2,0,-31,-4,-36,-50,-43,9,62.5,80.52,83.1,542132,92582
19/05/2021,79.63,1627,22,49,39,11,2,0,-35,-10,-38,-52,-38,10,62.5,80.52,83.1,553612,95394
20/05/2021,79.63,1677,32,50,5,9,2,0,-33,-8,-36,-50,-36,11,62.5,80.52,83.1,568233,101026
21/05/2021,79.63,1691,60,14,6,6,2,0,-34,-11,-37,-53,-30,12,62.5,80.52,83.1,584532,105734
22/05/2021,79.63,1703,225,12,10,9,2,0,-39,-12,-41,-55,-26,10,62.5,80.52,83.1,602669,126246
23/05/2021,79.63,1722,49,19,4,15,2,0,-33,-7,-36,-53,-30,9,62.5,80.52,83.1,605643.25,128738.75
24/05/2021,79.63,1741,59,19,10,11,2,0,-29,-5,-38,-50,-34,8,62.5,80.52,83.1,608617.5,131231.5
25/05/2021,85.19,1762,47,21,43,13,2,0,-32,-7,-39,-50,-36,10,87.5,79.79,78.69,611591.75,133724.25
26/05/2021,85.19,1818,0,56,3,2,2,0,-32,-6,-36,-50,-34,9,87.5,79.79,78.69,614566,136217
27/05/2021,85.19,1823,101,5,4,8,2,0,-31,-8,-35,-51,-32,9,87.5,79.79,78.69,619328.2,154437
28/05/2021,85.19,1835,0,12,8,2,2,0,-30,-8,-35,-52,-26,10,87.5,79.79,78.69,624090.4,172657
29/05/2021,85.19,1845,121,10,1,2,3,1,-38,-12,-42,-55,-26,10,87.5,79.79,78.69,628852.6,190877
30/05/2021,85.19,1848,24,3,3,0,3,0,-47,-26,-46,-62,-37,15,87.5,79.79,78.69,633614.8,209097
31/05/2021,85.19,1851,117,3,0,1,3,0,-26,0,-38,-48,-33,7,87.5,79.79,78.69,638377,227317
01/06/2021,74.07,1852,56,1,12,5,3,0,-24,-1,-33,-46,-32,6,87.5,74.79,72.98,662521,239935
02/06/2021,74.07,1869,0,17,4,1,3,0,-27,-6,-33,-48,-32,6,87.5,74.79,72.98,664661,249353
03/06/2021,74.07,1874,55,5,7,2,3,0,-25,-4,-32,-49,-30,5,87.5,74.79,72.98,669486,266413.5
04/06/2021,74.07,1883,26,9,7,2,3,0,-25,-7,-34,-51,-25,7,87.5,74.79,72.98,674311,283474
05/06/2021,74.07,1892,13,9,2,3,3,0,-31,-7,-38,-55,-24,6,87.5,74.79,72.98,679729,302524
06/06/2021,74.07,1897,21,5,2,4,3,0,-30,-9,-36,-54,-29,6,87.5,74.79,72.98,683354,310305
07/06/2021,74.07,1903,6,6,1,4,3,0,-21,-1,-37,-49,-31,4,87.5,74.79,72.98,686794,313402
08/06/2021,69.44,1908,53,5,2,0,3,0,-21,-1,-35,-48,-31,3,87.5,72.19,70,691381,326239
09/06/2021,69.44,1910,22,2,1,0,3,0,-24,-5,-33,-49,-31,4,87.5,72.19,70,694374,340214
10/06/2021,69.44,1911,12,1,2,2,3,0,-24,-5,-32,-48,-30,5,87.5,72.19,70,698503,355853
11/06/2021,69.44,1915,20,4,2,2,3,0,-23,-6,-34,-50,-24,6,87.5,72.19,70,708652,371251
12/06/2021,69.44,1919,32,4,3,8,3,0,-29,-6,-37,-56,-23,6,87.5,72.19,70,713709,394679
13/06/2021,69.44,1930,3,11,4,2,3,0,-29,-8,-35,-52,-29,6,87.5,72.19,70,713709,394678
14/06/2021,69.44,1936,18,6,7,7,3,0,-23,-3,-38,-50,-31,5,87.5,72.19,70,713818,397038
15/06/2021,69.44,1950,25,14,6,9,3,0,-19,1,-36,-50,-30,4,87.5,72.19,70,717648,404480
16/06/2021,69.44,1965,5,15,6,2,3,0,-26,-8,-37,-48,-31,5,87.5,72.19,70,719562,414785
17/06/2021,69.44,1973,14,8,1,0,3,0,-18,1,-30,-47,-28,4,87.5,72.19,70,731084.5,427657.5
18/06/2021,69.44,1974,7,1,7,6,3,0,-18,-1,-32,-47,-22,6,87.5,72.19,70,742607,440530
19/06/2021,69.44,1987,4,13,2,1,3,0,-24,0,-36,-53,-21,6,87.5,72.19,70,753750,455128
20/06/2021,69.44,1990,9,3,2,1,3,0,-22,-1,-33,-51,-28,6,87.5,72.19,70,767151,458380
21/06/2021,69.44,1993,4,3,0,1,3,0,-14,5,-35,-44,-28,3,87.5,72.19,70,780552,461632
22/06/2021,60.19,1994,6,1,2,11,3,0,-16,3,-35,-46,-30,3,87.5,66.98,64.05,798257,470370
23/06/2021,60.19,2007,6,13,6,3,3,0,-22,-4,-34,-45,-29,5,87.5,66.98,64.05,826019.5,482423.5
24/06/2021,60.19,2016,2,9,3,1,3,0,-20,-1,-32,-48,-28,6,87.5,66.98,64.05,853782,494477
25/06/2021,60.19,2020,6,4,0,14,3,0,-19,-1,-33,-46,-23,7,87.5,66.98,64.05,869006,513003
26/06/2021,60.19,2034,4,14,0,6,3,0,-25,-1,-37,-51,-21,5,87.5,66.98,64.05,884428,524103
27/06/2021,60.19,2040,14,6,1,9,3,0,-23,-2,-34,-49,-27,5,87.5,66.98,64.05,885333,527066
28/06/2021,60.19,2050,0,10,14,12,3,0,-14,6,-35,-44,-30,3,87.5,66.98,64.05,886238,530029
29/06/2021,60.19,2076,0,26,15,10,3,0,-14,5,-34,-42,-29,3,87.5,66.98,64.05,895670.833,539662.833
30/06/2021,60.19,2101,0,25,4,16,3,0,-18,0,-34,-43,-28,4,87.5,66.98,64.05,905103.666,549296.666
01/07/2021,60.19,2121,0,20,3,20,3,0,-15,2,-31,-43,-27,3,87.5,66.98,64.05,914536.499,558930.499
02/07/2021,60.19,2144,0,23,5,27,3,0,-16,1,-31,-42,-21,5,87.5,66.98,64.05,923969.332,568564.332
03/07/2021,60.19,2176,33,32,1,36,3,0,-23,2,-36,-51,-20,4,87.5,66.98,64.05,933402.165,578198.165
04/07/2021,60.19,2212,12,36,3,29,3,0,-22,-1,-34,-50,-27,5,87.5,66.98,64.05,942834.998,587831.998
05/07/2021,60.19,2244,44,32,11,45,3,0,-16,3,-36,-46,-29,4,87.5,66.98,64.05,949684.998,591739.498
06/07/2021,57.87,2300,29,56,2,54,3,0,-18,3,-34,-46,-48,7,87.5,62.55,58.99,956534.998,595646.998
07/07/2021,57.87,2356,0,56,5,39,3,0,-18,2,-32,-43,-28,4,87.5,62.55,58.99,976110.668,608030.668
08/07/2021,57.87,2400,0,44,1,68,3,0,-16,4,-30,-41,-26,3,87.5,62.55,58.99,995686.338,620414.338
09/07/2021,57.87,2469,0,69,1,67,3,0,-16,10,-32,-45,-21,5,87.5,62.55,58.99,1015262.008,632798.008
10/07/2021,57.87,2537,70,68,2,91,3,0,-29,-10,-36,-57,-37,7,87.5,62.55,58.99,1020255.008,637171.508
11/07/2021,57.87,2630,0,93,3,86,3,0,-24,-4,-35,-52,-28,7,87.5,62.55,58.99,1025248.008,641545.008
12/07/2021,57.87,2719,0,89,2,104,3,0,-15,5,-36,-45,-28,5,87.5,62.55,58.99,1029583.341,651272.341
13/07/2021,57.87,2825,0,106,2,74,3,0,-13,7,-33,-42,-26,3,87.5,62.55,58.99,1033918.674,660999.674
14/07/2021,57.87,2901,0,76,0,75,3,0,-18,0,-33,-43,-27,4,87.5,62.55,58.99,1038254.007,670727.007
15/07/2021,48.15,2976,0,75,2,114,3,0,-15,2,-31,-42,-23,4,87.5,57.08,52.74,1042442.007,670727
16/07/2021,48.15,3092,0,116,1,94,4,1,-12,2,-31,-43,-17,5,87.5,57.08,52.74,1046630.007,670727
17/07/2021,48.15,3187,0,95,4,104,4,0,-21,3,-36,-49,-18,5,87.5,57.08,52.74,1050818.007,670727
18/07/2021,48.15,3295,0,108,8,123,4,0,-18,2,-34,-46,-25,5,87.5,57.08,52.74,1060021.578,693400.5
19/07/2021,48.15,3426,0,131,0,114,5,1,-11,9,-37,-42,-27,3,87.5,57.08,52.74,1069225.149,716074
20/07/2021,48.15,3540,0,114,0,170,5,0,-14,6,-35,-41,-28,4,87.5,57.08,52.74,1078428.72,738747.5
21/07/2021,48.15,3710,0,170,0,153,5,0,-15,3,-34,-41,-27,4,87.5,57.08,52.74,1087632.291,761421
22/07/2021,48.15,3863,0,153,2,254,5,0,-12,4,-32,-41,-25,3,87.5,57.08,52.74,1096835.862,784094.5
23/07/2021,48.15,4119,0,256,3,220,5,0,-14,0,-33,-44,-20,5,87.5,57.08,52.74,1106039.433,806768
24/07/2021,48.15,4342,0,223,0,278,5,0,-19,3,-36,-47,-19,4,87.5,57.08,52.74,1115243.004,829441.5
25/07/2021,48.15,4620,0,278,0,142,5,0,-17,1,-33,-47,-27,6,87.5,57.08,52.74,1124446.575,852115
26/07/2021,48.15,4762,0,142,0,223,5,0,-12,6,-35,-41,-28,3,87.5,57.08,52.74,1133650.146,874788.5
27/07/2021,48.15,4985,0,223,0,169,5,0,-14,4,-36,-42,-29,4,87.5,57.08,52.74,1142853.717,897462
28/07/2021,48.15,5154,329,169,3,277,5,0,-19,-4,-36,-43,-29,5,87.5,57.08,52.74,1152057.288,920135.5
29/07/2021,48.15,5434,188,280,1,240,6,1,-18,-2,-33,-41,-28,5,87.5,57.08,52.74,1161260.859,942809
30/07/2021,48.15,5675,83,241,1,243,6,0,-19,-6,-36,-46,-24,8,87.5,57.08,52.74,1170464.43,965482.5
31/07/2021,48.15,5919,30,244,5,375,6,0,-26,-5,-40,-52,-21,8,87.5,57.08,52.74,1179668.001,988156
01/08/2021,48.15,6299,226,380,5,262,7,1,-29,-10,-39,-51,-30,10,87.5,57.08,52.74,1202377.334,988156
02/08/2021,48.15,6566,150,267,6,193,7,0,-19,-1,-39,-44,-30,7,87.5,57.08,52.74,1225086.667,988156
03/08/2021,53.7,6765,212,199,13,237,7,0,-17,1,-36,-43,-30,6,87.5,60.21,56.31,1247796,988156
04/08/2021,53.7,7015,412,250,7,283,7,0,-21,-5,-36,-44,-28,7,87.5,60.21,56.31,1270505.333,988156
05/08/2021,53.7,7305,0,290,19,187,7,0,-21,-6,-35,-45,-27,6,87.5,60.21,56.31,1293214.666,988156
06/08/2021,53.7,7511,0,206,10,257,7,0,-19,-6,-34,-46,-22,8,87.5,60.21,56.31,1315923.999,988156
07/08/2021,53.7,7778,0,267,27,327,7,0,-25,-4,-37,-51,-21,6,87.5,60.21,56.31,1338703.999,988156
08/08/2021,53.7,8132,0,354,18,242,8,1,-23,-5,-36,-48,-26,7,87.5,60.21,56.31,1361483.999,988156
09/08/2021,53.7,8391,0,259,21,149,8,0,-16,1,-36,-44,-29,5,87.5,60.21,56.31,1411735.669,988156
10/08/2021,53.7,8561,0,170,14,301,8,0,-17,0,-35,-43,-28,4,87.5,60.21,56.31,1461987.339,988156
11/08/2021,53.7,8876,0,315,0,285,8,0,-22,-4,-35,-43,-28,6,87.5,60.21,56.31,1512239.009,988156
12/08/2021,53.7,9161,0,285,11,191,8,0,-21,-4,-34,-43,-27,6,87.5,60.21,56.31,1562490.679,988156
13/08/2021,53.7,9363,0,202,20,285,9,1,-22,-6,-36,-51,-21,8,87.5,60.21,56.31,1612742.349,988156
14/08/2021,53.7,9668,0,305,8,218,9,0,-28,-4,-40,-56,-21,8,87.5,60.21,56.31,1662994.019,988156
15/08/2021,53.7,9894,0,226,12,186,9,0,-28,-7,-38,-54,-27,9,87.5,60.21,56.31,1718009.019,988156
16/08/2021,53.7,10092,0,198,37,312,9,0,-21,1,-39,-49,-29,7,87.5,60.21,56.31,1773024.019,988156
17/08/2021,50,10441,0,349,23,184,9,0,-24,-1,-39,-50,-30,7,87.5,58.12,53.93,1828039.019,988156
18/08/2021,50,10648,0,207,48,333,9,0,-27,-5,-36,-50,-31,7,87.5,58.12,53.93,1905498.689,1207001
19/08/2021,50,11029,0,381,19,265,9,0,-25,-4,-35,-52,-30,8,87.5,58.12,53.93,1982958.359,1425846
20/08/2021,50,11313,0,284,75,365,9,0,-27,-7,-37,-54,-24,11,87.5,58.12,53.93,2060418.029,1644691
21/08/2021,50,11753,0,440,26,385,11,2,-31,-3,-41,-58,-23,10,87.5,58.12,53.93,2060418,1646691
22/08/2021,50,12164,0,411,81,224,11,0,-32,0,-40,-59,-31,12,87.5,58.12,53.93,2109937,1664137
23/08/2021,50,12469,0,305,65,87,11,0,-25,-5,-36,-52,-38,8,87.5,58.12,53.93,2131014,1668064
24/08/2021,50,12621,0,152,147,189,11,0,-24,-3,-37,-50,-32,7,87.5,58.12,53.93,2188426,1686246
25/08/2021,50,12957,0,336,594,358,11,0,-33,-14,-39,-54,-32,10,87.5,58.12,53.93,2235384,1702119
26/08/2021,50,13909,0,952,46,149,11,0,-27,-8,-38,-54,-31,9,87.5,58.12,53.93,2278765,1722553
27/08/2021,50,14104,0,195,103,144,12,1,-26,-9,-36,-55,-24,10,87.5,58.12,53.93,2327679.5,1740636.5
28/08/2021,50,14351,0,247,60,55,12,0,-32,-8,-40,-59,-23,10,87.5,58.12,53.93,2376594,1758720
29/08/2021,50,14466,0,115,98,97,12,0,-30,-8,-37,-59,-30,10,87.5,58.12,53.93,2407056,1775178
30/08/2021,50,14641,0,175,15,135,12,0,-26,-6,-40,-54,-31,7,87.5,58.12,53.93,2420333,1784704
31/08/2021,50,14816,0,175,63,136,14,2,-25,-5,-38,-52,-32,8,87.5,58.12,53.93,2443845,1794698
01/09/2021,53.7,15015,0,199,54,220,14,0,-31,-13,-39,-53,-33,9,87.5,60.21,56.31,2474767,1804017
02/09/2021,53.7,15289,0,274,41,129,14,0,-27,-7,-36,-54,-30,8,87.5,60.21,56.31,2504151,1815215
03/09/2021,53.7,15459,0,170,81,65,14,0,-32,-14,-39,-57,-28,12,87.5,60.21,56.31,2529902,1824260
04/09/2021,53.7,15605,0,146,64,92,15,1,-35,-8,-41,-62,-25,11,87.5,60.21,56.31,2537992,1831021
05/09/2021,53.7,15761,0,156,56,116,16,1,-40,-12,-41,-63,-32,14,87.5,60.21,56.31,2545657,1837302
06/09/2021,53.7,15933,0,172,50,75,16,0,-40,-8,-41,-60,-45,15,87.5,60.21,56.31,2553014.5,1839850
07/09/2021,53.7,16058,0,125,86,221,16,0,-50,-29,-41,-65,-56,19,87.5,60.21,56.31,2560372,1842398
08/09/2021,53.7,16365,0,307,77,134,16,0,-54,-31,-42,-69,-54,20,87.5,60.21,56.31,2584782.67,1848242.333
09/09/2021,53.7,16576,0,211,82,84,16,0,-54,-32,-42,-68,-53,21,87.5,60.21,56.31,2609193.34,1854086.666
10/09/2021,53.7,16742,0,166,86,108,16,0,-55,-34,-43,-71,-52,24,87.5,60.21,56.31,2633604.01,1859930.999
11/09/2021,53.7,16936,0,194,120,84,16,0,-56,-32,-47,-72,-45,21,87.5,60.21,56.31,2650948,1860415
12/09/2021,53.7,17140,0,204,96,121,16,0,-56,-35,-46,-72,-44,21,87.5,60.21,56.31,2669523.13,1866533.125
13/09/2021,53.7,17357,0,217,104,94,16,0,-49,-27,-45,-68,-53,19,87.5,60.21,56.31,2688098.26,1872651.25
14/09/2021,70.37,17555,0,198,54,73,16,0,-49,-26,-43,-67,-54,17,87.5,69.58,67.02,2706673.39,1878769.375
15/09/2021,70.37,17682,0,127,158,65,16,0,-51,-29,-42,-67,-54,18,87.5,69.58,67.02,2725248.52,1884887.5
16/09/2021,70.37,17905,0,223,131,23,16,0,-47,-25,-40,-65,-51,17,87.5,69.58,67.02,2743823.65,1891005.625
17/09/2021,70.37,18059,0,154,219,69,16,0,-45,-25,-41,-67,-45,19,87.5,69.58,67.02,2762398.78,1897123.75
18/09/2021,70.37,18347,0,288,383,83,16,0,-45,-22,-44,-69,-40,16,87.5,69.58,67.02,2780973.91,1903241.875
19/09/2021,73.61,18814,0,467,303,68,16,0,-44,-22,-41,-69,-39,16,87.5,72.45,70.3,2799549.04,1909360
20/09/2021,75.46,19185,0,371,162,52,16,0,-38,-16,-42,-63,-47,14,87.5,73.49,71.49,2816295.77,1924906.18
21/09/2021,75.46,19399,0,214,296,35,16,0,-38,-15,-40,-63,-48,14,87.5,73.49,71.49,2833042.5,1940452.36
22/09/2021,75.46,19730,0,331,210,12,16,0,-41,-20,-41,-63,-48,15,87.5,73.49,71.49,2849789.23,1955998.54
23/09/2021,75.46,19952,0,222,666,28,16,0,-40,-23,-39,-65,-51,15,87.5,73.49,71.49,2866535.96,1971544.72
24/09/2021,75.46,20646,0,694,406,29,16,0,-40,-23,-40,-65,-42,17,87.5,73.49,71.49,2883282.69,1987090.9
25/09/2021,75.46,21080,0,434,428,19,16,0,-42,-21,-42,-68,-37,14,87.5,73.49,71.49,2900029.42,2002637.08
26/09/2021,75.46,21527,0,447,280,12,16,0,-44,-26,-41,-68,-39,15,87.5,73.49,71.49,2916776.15,2018183.26
27/09/2021,75.46,21819,0,292,610,12,16,0,-36,-16,-41,-64,-46,15,87.5,73.49,71.49,2933522.88,2033729.44
28/09/2021,75.46,22441,0,622,471,29,16,0,-35,-16,-38,-62,-47,13,87.5,73.49,71.49,2950269.61,2049275.62
29/09/2021,75.46,22941,0,500,535,12,16,0,-39,-21,-37,-63,-48,15,87.5,73.49,71.49,2967016.34,2064821.8
30/09/2021,75.46,23488,0,547,337,21,17,1,-41,-25,-39,-65,-46,16,87.5,73.49,71.49,2983763.07,2080367.98
01/10/2021,72.22,23846,0,358,437,27,18,1,-40,-24,-40,-67,-42,18,87.5,71.67,69.4,2992024.455,2100590.29
02/10/2021,72.22,24310,0,464,601,5,20,2,-41,-20,-42,-68,-37,15,87.5,71.67,69.4,3000285.84,2120812.6
03/10/2021,72.22,24916,0,606,296,5,21,1,-41,-24,-40,-68,-39,15,87.5,71.67,69.4,3008547.225,2141034.91
04/10/2021,72.22,25217,0,301,301,6,22,1,-31,-13,-37,-60,-44,12,87.5,71.67,69.4,3016808.61,2161257.22
05/10/2021,72.22,25524,0,307,450,4,22,0,-32,-14,-36,-60,-45,12,87.5,71.67,69.4,3025069.995,2181479.53
06/10/2021,72.22,25978,0,454,16,468,22,0,-33,-14,-33,-59,-44,12,87.5,71.67,69.4,3033331.38,2201701.84
07/10/2021,72.22,26462,0,484,404,10,23,1,-29,-15,-18,-59,-49,11,87.5,71.67,69.4,3041592.765,2221924.15
08/10/2021,72.22,26876,0,414,726,5,23,0,-34,-22,-27,-63,-45,15,87.5,71.67,69.4,3049854.15,2242146.46
09/10/2021,72.22,27607,0,731,419,6,24,1,-36,-19,-33,-67,-36,12,87.5,71.67,69.4,3058115.535,2262368.77
10/10/2021,72.22,28032,0,425,507,1,26,2,-36,-20,-33,-66,-37,12,87.5,71.67,69.4,3066376.92,2282591.08
11/10/2021,72.22,28540,0,508,303,6,26,0,-31,-15,-38,-61,-44,12,87.5,71.67,69.4,3074638.305,2302813.39
12/10/2021,75,28849,0,309,533,9,30,4,-32,-14,-37,-61,-44,12,87.5,73.23,71.19,3082899.69,2323035.7
13/10/2021,75,29398,0,549,557,9,33,3,-35,-19,-36,-62,-44,12,87.5,73.23,71.19,3091161.075,2343258.01
14/10/2021,75,29964,0,566,644,7,35,2,-34,-18,-35,-61,-44,12,87.5,73.23,71.19,3102029.825,2387706.51
15/10/2021,75,30615,0,651,571,2,36,1,-33,-19,-35,-63,-38,14,87.5,73.23,71.19,3112898.575,2432155.01
16/10/2021,75,31188,0,573,543,5,36,0,-36,-16,-38,-66,-34,11,87.5,73.23,71.19,3123767.325,2476603.51
17/10/2021,75,31733,0,545,283,13,38,2,-35,-18,-36,-65,-37,11,87.5,73.23,71.19,3134636.075,2521052.01
18/10/2021,75,32029,0,296,280,5,40,2,-28,-11,-38,-59,-43,11,87.5,73.23,71.19,3145504.825,2565500.51
19/10/2021,75,32314,0,285,656,1,40,0,-29,-9,-38,-59,-44,11,87.5,73.23,71.19,3156373.575,2609949.01
20/10/2021,75,32971,0,657,628,7,45,5,-32,-13,-35,-59,-44,11,87.5,73.23,71.19,3167242.325,2654397.51
21/10/2021,75,33606,0,635,389,3,47,2,-32,-12,-35,-61,-44,12,87.5,73.23,71.19,3178111.075,2698846.01
22/10/2021,75,33998,0,392,518,2,49,2,-31,-15,-34,-63,-39,13,87.5,73.23,71.19,3188660.645,2709960.3
23/10/2021,75,34518,0,520,449,18,49,0,-33,-13,-36,-66,-35,12,87.5,73.23,71.19,3199210.215,2721074.59
24/10/2021,75,34985,0,467,635,13,50,1,-33,-16,-34,-65,-37,11,87.5,73.23,71.19,3209759.785,2732188.88
25/10/2021,75,35633,0,648,612,3,52,2,-30,-11,-37,-61,-45,12,87.5,73.23,71.19,3220309.355,2743303.17
26/10/2021,75,36248,0,615,766,4,53,1,-29,-10,-37,-60,-46,11,87.5,73.23,71.19,3230858.925,2754417.46
27/10/2021,75,37018,0,770,731,2,56,3,-32,-13,-35,-59,-45,12,87.5,73.23,71.19,3241408.495,2765531.75
28/10/2021,75,37751,0,733,528,2,59,3,-31,-13,-35,-61,-44,12,87.5,73.23,71.19,3251958.065,2776646.04
29/10/2021,75,38281,0,530,432,15,59,0,-32,-16,-35,-62,-39,15,87.5,73.23,71.19,3270911.215,2789044.39
30/10/2021,75,38728,0,447,861,2,61,2,-33,-15,-34,-65,-34,11,87.5,73.23,71.19,3289864.365,2801442.74
31/10/2021,75,39586,0,858,679,6,62,1,-32,-16,-33,-62,-37,11,87.5,73.23,71.19,3308817.515,2813841.09
01/11/2021,75,40271,0,685,673,12,65,3,-27,-11,-37,-59,-43,11,87.5,73.23,71.19,3327770.665,2826239.44
02/11/2021,80.56,40956,0,685,871,2,67,2,-28,-10,-36,-55,-43,11,87.5,76.35,74.76,3346723.815,2838637.79
03/11/2021,80.56,41829,0,873,1056,6,70,3,-30,-13,-34,-52,-43,11,87.5,76.35,74.76,3365676.965,2851036.14
04/11/2021,80.56,42891,0,1062,1165,5,73,3,-28,-11,-32,-54,-42,11,87.5,76.35,74.76,3384630.115,2863434.49
05/11/2021,80.56,44061,0,1170,948,11,76,3,-25,-10,-19,-54,-40,13,87.5,76.35,74.76,3403583.265,2875832.84
06/11/2021,80.56,45020,0,959,955,5,77,1,-32,-12,-30,-58,-34,10,87.5,76.35,74.76,3422536.415,2888231.19
07/11/2021,80.56,45980,0,960,1071,5,81,4,-31,-14,-32,-56,-35,11,87.5,76.35,74.76,3441489.565,2900629.54
08/11/2021,80.56,47056,0,1076,783,3,82,1,-26,-8,-36,-51,-43,11,87.5,76.35,74.76,3460442.715,2913027.89
09/11/2021,80.56,47842,0,786,1045,4,86,4,-28,-10,-36,-52,-44,11,87.5,76.35,74.76,3479395.865,2925426.24
10/11/2021,80.56,48892,0,1050,1134,6,89,3,-31,-15,-34,-52,-43,12,87.5,76.35,74.76,3498349.015,2937824.59
11/11/2021,80.56,50032,0,1140,942,3,91,2,-29,-12,-31,-52,-43,12,87.5,76.35,74.76,3517302.165,2950222.94
12/11/2021,80.56,50977,0,945,1196,2,93,2,-29,-14,-33,-55,-38,14,87.5,76.35,74.76,3536255.315,2962621.29
13/11/2021,80.56,52175,0,1198,1018,14,94,1,-32,-11,-33,-56,-33,12,87.5,76.35,74.76,3555208.465,2975019.64
14/11/2021,80.56,53207,0,1032,982,3,96,2,-30,-13,-31,-56,-36,11,87.5,76.35,74.76,3574161.615,2987417.99
15/11/2021,83.62,54192,0,985,825,1,99,3,-25,-8,-36,-51,-44,11,87.5,78.08,76.74,3593114.765,2999816.34
16/11/2021,83.62,55018,0,826,1294,12,104,5,-25,-7,-36,-51,-45,11,87.5,78.08,76.74,3612067.915,3012214.69
17/11/2021,83.62,56324,0,1306,1072,1,110,6,-28,-9,-34,-49,-43,11,87.5,78.08,76.74,3631021.065,3024613.04
18/11/2021,83.62,57397,0,1073,1391,10,112,2,-30,-10,-27,-54,-69,14,87.5,78.08,76.74,3649974.215,3037011.39
19/11/2021,83.62,58798,0,1401,1082,15,116,4,-27,-9,-29,-53,-39,13,87.5,78.08,76.74,3668927.365,3049409.74
20/11/2021,83.62,59895,0,1097,1341,3,119,3,-26,-3,-25,-55,-34,11,87.5,78.08,76.74,3687880.515,3061808.09
21/11/2021,83.62,61239,0,1344,911,10,126,7,-23,-6,-16,-50,-35,10,87.5,78.08,76.74,3706833.665,3074206.44
22/11/2021,83.62,62160,0,921,995,4,132,6,-20,-4,-26,-50,-44,11,87.5,78.08,76.74,3725786.815,3086604.79
23/11/2021,83.23,63159,0,999,1318,5,133,1,-22,-3,-30,-49,-40,10,87.5,77.86,76.48,3744739.965,3099003.14
24/11/2021,83.23,64482,0,1323,1330,6,137,4,-25,-8,-29,-48,-36,11,87.5,77.86,76.48,3765367.745,3112271.85
25/11/2021,83.23,65818,0,1336,1499,5,142,5,-24,-9,-28,-51,-35,11,87.5,77.86,76.48,3785995.525,3125540.56
26/11/2021,83.23,67322,0,1504,1509,1,143,1,-23,-10,-19,-48,-31,12,87.5,77.86,76.48,3806623.305,3138809.27
27/11/2021,83.23,68832,0,1510,1491,0,147,4,-25,-7,-22,-53,-23,9,87.5,77.86,76.48,3827251.085,3152077.98
28/11/2021,83.23,70323,0,1491,1192,3,154,7,-25,-10,-25,-49,-25,9,87.5,77.86,76.48,3847878.865,3165346.69
29/11/2021,83.23,71518,0,1195,928,1,159,5,-22,-6,-33,-46,-35,9,87.5,77.86,76.48,3868506.645,3178615.4
30/11/2021,71.3,72447,0,929,1291,0,166,7,-22,-6,-32,-48,-36,9,87.5,72.19,70,3889134.425,3191884.11
01/12/2021,71.3,73738,0,1291,1424,1,170,4,-26,-10,-30,-44,-34,9,87.5,72.19,70,3909762.205,3205152.82
02/12/2021,71.3,75163,0,1425,1333,0,178,8,-24,-9,-29,-46,-33,9,87.5,72.19,70,3930389.985,3218421.53
03/12/2021,71.3,76496,0,1333,997,7,186,8,-23,-10,-27,-47,-28,10,87.5,72.19,70,3951017.765,3231690.24
04/12/2021,71.3,77500,0,1004,968,1,191,5,-25,-6,-25,-52,-21,8,87.5,72.19,70,3971645.545,3244958.95
05/12/2021,71.3,78469,0,969,1359,5,201,10,-21,-6,-22,-46,-26,8,87.5,72.19,70,3992273.325,3258227.66
06/12/2021,71.3,79833,0,1364,885,4,207,6,-19,-3,-30,-44,-33,8,87.5,72.19,70,4012901.105,3271496.37
07/12/2021,71.3,80704,0,871,1372,6,210,3,-19,-3,-30,-44,-33,8,87.5,72.19,70,4033528.885,3284765.08
08/12/2021,71.3,82082,0,1378,1209,0,214,4,-22,-7,-28,-43,-31,8,87.5,72.19,70,4054156.665,3298033.79
09/12/2021,71.3,83291,0,1209,1196,16,219,5,-21,-6,-26,-44,-31,8,87.5,72.19,70,4074784.445,3311302.5
10/12/2021,71.3,84503,0,1212,1644,1,224,5,-17,-6,-24,-43,-25,9,87.5,72.19,70,4095412.225,3324571.21
11/12/2021,71.3,86148,0,1645,1897,1,231,7,-18,-2,-21,-45,-19,5,87.5,72.19,70,4116040.005,3337839.92
12/12/2021,71.3,88046,0,1898,1274,0,236,5,-19,-6,-19,-45,-22,6,87.5,72.19,70,4136667.785,3351108.63
13/12/2021,71.3,89320,0,1274,1132,6,247,11,-15,0,-23,-41,-31,7,87.5,72.19,70,4157295.565,3364377.34
14/12/2021,71.3,90458,0,1138,1357,1,250,3,-13,3,-19,-39,-31,6,87.5,72.19,70,4177923.345,3377646.05
15/12/2021,71.3,91816,0,1358,1243,2,250,0,-15,0,-14,-37,-30,6,87.5,72.19,70,4198551.125,3390914.76
16/12/2021,71.3,93061,0,1245,1493,0,256,6,-8,9,-5,-33,-31,5,87.5,72.19,70,4219178.905,3404183.47
17/12/2021,71.3,94554,0,1493,1702,0,262,6,-3,25,15,-30,-36,3,87.5,72.19,70,4239806.685,3417452.18
18/12/2021,71.3,96256,0,1702,1247,2,266,4,-22,-1,5,-41,-50,1,87.5,72.19,70,4260434.465,3430720.89
19/12/2021,71.3,97505,0,1249,1066,1,268,2,-14,2,0,-31,-33,4,87.5,72.19,70,4281062.245,3443989.6
20/12/2021,71.3,98572,0,1067,818,6,273,5,-16,0,-17,-36,-62,8,87.5,72.19,70,4301690.025,3457258.31
21/12/2021,71.3,99396,0,824,1127,1,274,1,-14,3,-23,-35,-30,4,87.5,72.19,70,4322317.805,3470527.02
22/12/2021,71.3,100524,0,1128,1340,1,284,10,-18,-2,-23,-33,-28,6,87.5,72.19,70,4342945.585,3483795.73
23/12/2021,71.3,101865,0,1341,1469,2,288,4,-16,-3,-22,-37,-27,6,87.5,72.19,70,4363573.365,3497064.44
24/12/2021,71.3,103336,0,1471,1037,0,299,11,-16,-5,-21,-38,-21,7,87.5,72.19,70,4384201.145,3510333.15
25/12/2021,71.3,104373,0,1037,1005,2,305,6,-19,-2,-22,-41,-17,5,87.5,72.19,70,4404828.925,3523601.86
26/12/2021,71.3,105380,0,1007,851,0,317,12,-17,-3,-21,-35,-21,5,87.5,72.19,70,4425456.705,3536870.57
27/12/2021,71.3,106231,0,851,546,1,325,8,-13,1,-28,-35,-28,5,87.5,72.19,70,4446084.485,3550139.28
28/12/2021,71.3,106778,0,547,962,0,328,3,-13,2,-27,-34,-27,5,87.5,72.19,70,4466712.265,3563407.99
29/12/2021,71.3,107740,0,962,1038,4,342,14,-17,-3,-24,-34,-26,6,87.5,72.19,70,4487340.045,3576676.7
30/12/2021,71.3,108782,0,1042,1272,0,355,13,-15,-4,-23,-36,-27,6,87.5,72.19,70,4507967.825,3589945.41
31/12/2021,71.3,110054,0,1272,1005,1,360,5,-14,-5,-21,-38,-19,6,87.5,72.19,70,4528595.605,3603214.12
01/01/2022,70.16,111060,0,1006,1023,0,372,12,-17,-3,-21,-40,-16,4,87.5,71.54,69.26,4549223.385,3616482.83
02/01/2022,70.16,112083,0,1023,681,3,374,2,-14,-3,-22,-39,-18,6,87.5,71.54,69.26,4569851.165,3629751.54
03/01/2022,69.96,112767,0,684,661,5,380,6,-12,2,-27,-35,-25,6,87.5,71.43,69.13,4590478.945,3643020.25
04/01/2022,69.96,113432,0,665,515,4,391,11,-12,1,-25,-34,-23,5,87.5,71.43,69.13,4594678.812,3655838.12
05/01/2022,69.96,113951,0,519,835,1,403,12,-14,-4,-24,-38,-21,6,87.5,71.43,69.13,4598878.679,3668655.99
06/01/2022,69.96,114787,0,836,1083,0,409,6,-12,-2,-22,-39,-22,7,87.5,71.43,69.13,4603078.546,3681473.86
07/01/2022,69.96,115870,0,1083,1018,2,411,2,-18,-9,-26,-42,-15,9,87.5,71.43,69.13,4607278.413,3694291.73
08/01/2022,69.96,116890,0,1020,1061,5,421,10,-19,-3,-24,-40,-12,8,87.5,71.43,69.13,4611478.28,3707109.6
09/01/2022,69.96,117956,0,1066,923,1,430,9,-12,0,-20,-37,-14,7,87.5,71.43,69.13,4615678.147,3719927.47
10/01/2022,69.96,118880,0,924,636,5,437,7,-8,3,-24,-36,-19,5,87.5,71.43,69.13,4619878.014,3732745.34
11/01/2022,69.96,119521,0,641,997,3,448,11,-7,3,-24,-35,-18,5,87.5,71.43,69.13,4624077.881,3745563.21
12/01/2022,69.96,120520,0,999,908,8,457,9,-11,-1,-23,-36,-18,5,87.5,71.43,69.13,4628277.748,3758381.08
13/01/2022,69.96,121436,0,916,804,1,464,7,-8,-1,-21,-35,-17,5,87.5,71.43,69.13,4632477.615,3771198.95
14/01/2022,69.96,122241,0,805,1047,5,471,7,-7,-1,-20,-35,-10,6,87.5,71.43,69.13,4636677.482,3784016.82
15/01/2022,69.96,123293,0,1052,897,3,476,5,-9,4,-21,-34,-8,5,87.5,71.43,69.13,4640877.349,3796834.69
16/01/2022,69.96,124193,0,900,531,7,488,12,-5,7,-18,-29,-12,4,87.5,71.43,69.13,4645077.216,3809652.56
17/01/2022,69.96,124731,0,538,697,5,495,7,-2,13,-23,-30,-18,3,87.5,71.43,69.13,4649277.083,3822470.43
18/01/2022,69.88,125333,0,602,730,3,497,2,-1,10,-20,-29,-22,3,87.5,71.39,69.09,4653476.95,3835288.3
19/01/2022,69.88,126066,0,733,1280,2,500,3,-7,4,-20,-30,-17,4,87.5,71.39,69.09,4659845.373,3850812.07
20/01/2022,69.88,127347,0,1281,897,4,507,7,-6,7,-20,-33,-15,4,87.5,71.39,69.09,4666213.796,3866335.84
21/01/2022,69.88,128248,0,901,667,8,508,1,-5,3,-17,-35,-10,4,87.5,71.39,69.09,4672582.219,3881859.61
22/01/2022,69.88,128924,0,676,609,3,518,10,-12,4,-23,-37,-9,6,87.5,71.39,69.09,4678950.642,3897383.38
23/01/2022,69.88,129536,0,612,417,0,524,6,-6,7,-19,-32,-12,6,87.5,71.39,69.09,4685319.065,3912907.15
24/01/2022,69.88,129953,0,417,331,9,526,2,-3,9,-24,-30,-14,3,87.5,71.39,69.09,4691687.488,3928430.92
25/01/2022,65.96,130293,0,340,556,4,527,1,-1,10,-23,-30,-13,3,87.5,69.19,66.57,4698055.911,3943954.69
26/01/2022,65.96,130853,0,560,571,8,529,2,-6,4,-22,-30,-12,4,87.5,69.19,66.57,4704424.334,3959478.46
27/01/2022,65.96,131435,0,582,689,6,533,4,-4,5,-20,-30,-12,4,87.5,69.19,66.57,4710792.757,3975002.23
28/01/2022,65.96,132130,0,695,551,0,534,1,-3,3,-19,-29,-5,5,87.5,69.19,66.57,4717161.18,3990526
29/01/2022,65.96,132681,0,551,534,3,538,4,-5,7,-19,-30,-7,4,87.5,69.19,66.57,4723529.603,4006049.77
30/01/2022,65.96,133218,0,537,296,10,538,0,0,10,-14,-26,-10,5,87.5,69.19,66.57,4729898.026,4021573.54
31/01/2022,65.96,133524,0,306,329,0,544,6,17,19,-14,-23,-13,1,87.5,69.19,66.57,4736266.449,4037097.31
01/02/2022,65.96,133853,0,329,586,0,547,3,1,11,-18,-26,-13,1,87.5,69.19,66.57,4742634.872,4052621.08
02/02/2022,65.96,134438,0,585,463,0,551,4,-8,2,-19,-27,-15,5,87.5,69.19,66.57,4749003.295,4068144.85
03/02/2022,65.96,134901,0,463,400,0,553,2,-6,4,-20,-31,-9,4,87.5,69.19,66.57,4755371.718,4083668.62
04/02/2022,65.96,135301,0,400,342,17,558,5,-4,2,-15,-29,-1,3,87.5,69.19,66.57,4761740.141,4099192.39
05/02/2022,65.96,135660,0,359,476,12,562,4,-10,4,-20,-34,-3,7,87.5,69.19,66.57,4768108.564,4114716.16
06/02/2022,65.96,136148,0,488,281,9,565,3,-24,-11,-29,-39,-17,13,87.5,69.19,66.57,4774476.987,4130239.93
07/02/2022,65.96,136438,0,290,278,4,574,9,-4,10,-22,-31,-9,6,87.5,69.19,66.57,4780845.41,4145763.7
08/02/2022,65.96,136779,0,341,321,3,574,0,-2,12,-16,-28,-6,3,87.5,69.19,66.57,4787213.833,4161287.47
09/02/2022,65.96,137103,0,324,496,17,577,3,-6,6,-11,-29,-3,6,87.5,69.19,66.57,4793582.256,4176811.24
10/02/2022,65.96,137557,0,454,443,7,583,6,-3,7,-4,-29,-2,6,87.5,69.19,66.57,4799950.679,4192335.01
11/02/2022,65.96,138007,0,450,416,8,584,1,-1,5,-4,-28,6,8,87.5,69.19,66.57,4806319.102,4207858.78
12/02/2022,65.96,138431,0,424,330,4,588,4,-7,8,-12,-31,3,8,87.5,69.19,66.57,4812687.525,4223382.55
13/02/2022,64.62,138765,0,334,253,10,591,3,-4,9,-9,-29,-1,8,87.5,68.43,65.71,4819055.948,4238906.32
14/02/2022,64.62,139028,0,263,247,16,594,3,1,12,-9,-28,-2,6,87.5,68.43,65.71,4821832.615,4242590.32
15/02/2022,70.18,139242,0,214,415,26,597,3,1,16,-7,-24,-2,7,87.5,71.56,69.28,4824609.282,4246274.32
16/02/2022,70.15,139685,0,443,232,13,601,4,-2,12,-3,-25,-2,7,87.5,71.54,69.26,4827385.949,4249958.32
17/02/2022,70.15,140030,0,345,223,9,602,1,2,13,10,-25,1,5,87.5,71.54,69.26,4829828.549,4254422.52
18/02/2022,70.15,140353,0,323,247,4,602,0,6,14,14,-22,11,10,87.5,71.54,69.26,4832271.149,4258886.72
19/02/2022,70.15,140604,0,251,285,0,605,3,0,15,5,-27,6,10,87.5,71.54,69.26,4834713.749,4263350.92
20/02/2022,70.15,140889,0,285,186,8,608,3,3,17,10,-21,6,11,87.5,71.54,69.26,4837156.349,4267815.12
21/02/2022,70.07,141083,0,194,204,14,610,2,-2,9,10,-25,-2,11,87.5,71.5,69.21,4839598.949,4272279.32
22/02/2022,70.07,141301,0,218,132,8,612,2,17,25,35,-11,-43,12,87.5,71.5,69.21,4840837,4274997
23/02/2022,70.05,141441,0,140,225,28,613,1,3,17,27,-17,7,11,87.5,71.49,69.19,4842963,4280530
24/02/2022,70.05,141694,0,253,235,41,616,3,6,20,36,-20,12,13,87.5,71.49,69.19,4848475.5,4287464.5
25/02/2022,70,141933,0,239,257,47,617,1,7,17,36,-19,19,16,87.5,71.46,69.17,4853988,4294399
26/02/2022,70,142237,0,304,222,15,619,2,1,19,24,-24,19,16,87.5,71.46,69.17,4872362.67,4298304
27/02/2022,70,142474,0,237,118,17,619,0,5,17,28,-24,20,15,87.5,71.46,69.17,4890737.34,4302209
28/02/2022,69.96,142609,0,135,108,26,621,2,5,20,31,-20,10,15,87.5,71.44,69.14,4909112.01,4306114
01/03/2022,71.55,142743,0,134,189,35,621,0,3,18,28,-20,8,16,100,73.89,70.16,4936002.01,4317756
02/03/2022,71.48,142967,0,224,256,17,623,2,-1,13,31,-20,8,16,100,73.85,70.12,4962892.01,4329398
03/03/2022,71.48,143240,0,273,235,11,623,0,3,16,34,-24,10,16,100,73.85,70.12,4995850.01,4337116.75
04/03/2022,71.48,143486,0,246,195,29,626,3,0,0,0,0,0,0,100,73.85,70.12,5028808.01,4344835.5
05/03/2022,71.48,143710,0,224,230,29,628,2,0,0,0,0,0,0,100,73.85,70.12,5061766.01,4352554.25
06/03/2022,71.48,143969,0,259,186,0,628,0,0,0,0,0,0,0,100,73.85,70.12,5094724.01,4360273
07/03/2022,71.39,144155,0,186,138,27,629,1,0,0,0,0,0,0,100,73.8,70.06,5111217.01,4362845.5
08/03/2022,71.39,144320,0,165,204,27,632,3,0,0,0,0,0,0,100,73.8,70.06,5127710.01,4365418
09/03/2022,71.39,144551,0,231,185,23,634,2,0,0,0,0,0,0,100,73.8,70.06,5144203.01,4367990.5
10/03/2022,71.36,144759,0,208,307,28,635,1,0,0,0,0,0,0,100,73.78,70.04,5160696.01,4370563
11/03/2022,71.35,145094,0,335,384,29,637,2,0,0,0,0,0,0,100,73.78,70.04,5206859,4373467
12/03/2022,71.35,145507,0,413,400,27,640,3,0,0,0,0,0,0,100,73.78,70.04,5236869.67,4376521.667
13/03/2022,71.35,145507,0,0,374,20,640,0,0,0,0,0,0,0,100,73.78,70.04,5266880.34,4379576.334
14/03/2022,71.33,146328,0,821,359,0,640,0,0,0,0,0,0,0,100,73.76,70.02,5296891.01,4382631.001
15/03/2022,71.33,146687,0,359,692,30,642,2,0,0,0,0,0,0,100,73.76,70.02,5334376.01,4388768.001
16/03/2022,65.73,147409,0,722,843,15,643,1,0,0,0,0,0,0,100,70.62,66.42,5371861.01,4394905.001
17/03/2022,65.73,148257,0,848,855,19,643,0,0,0,0,0,0,0,100,70.62,66.42,5412368.01,4400576.501
18/03/2022,65.7,149131,0,874,1481,27,643,0,0,0,0,0,0,0,100,70.6,66.4,5452875.01,4406248.001
19/03/2022,65.7,150639,0,1508,1310,7,643,0,-4,14,17,-29,20,18,100,70.6,66.4,5471848.51,4410174.251
20/03/2022,65.7,151956,0,1317,1310,7,645,2,-2,12,24,-27,20,18,100,70.6,66.4,5490822.01,4414100.501
21/03/2022,72.2,152957,0,1001,984,17,645,0,-1,14,26,-25,8,18,100,74.26,70.58,5509795.51,4418026.751
22/03/2022,72.18,154094,0,1137,1110,27,649,4,0,15,26,-26,7,18,100,74.25,70.57,5528769.01,4421953
23/03/2022,72.16,156422,0,2328,2303,25,651,2,-8,7,23,-27,6,19,100,74.24,70.56,5556272,4431776
24/03/2022,72.16,159047,0,2625,2595,30,652,1,-9,5,23,-31,4,21,100,74.24,70.56,5567383,4438377
25/03/2022,72.14,161866,0,2819,2776,43,652,0,-3,10,28,-28,13,20,100,74.23,70.55,5578494,4444978
26/03/2022,72.14,164078,0,2212,2203,9,654,2,-6,13,16,-32,17,19,100,74.23,70.55,5583488.67,4448487
27/03/2022,72.14,164078,0,2552,2540,12,660,6,-6,9,18,-30,17,19,100,74.23,70.55,5588483.34,4451996
28/03/2022,72.13,167993,0,1466,1447,19,661,1,-2,14,26,-27,4,19,100,74.22,70.54,5593478.01,4455505
29/03/2022,66.58,169256,0,1263,1236,27,661,0,-5,10,22,-27,2,20,100,71.09,66.97,5597634.68,4462088.33
30/03/2022,66.55,171439,0,2183,2175,8,663,2,-4,11,27,-25,5,19,100,71.08,66.95,5601791.35,4468671.66
31/03/2022,66.55,174136,0,2697,2681,16,664,1,-1,12,30,-28,6,19,100,71.08,66.95,5605948.02,4475254.99
01/04/2022,65.74,176898,0,2762,2743,19,665,1,-3,10,21,-30,10,21,100,70.62,66.43,5615075.27,4492406.49
02/04/2022,65.74,179563,0,2665,2655,10,669,4,-9,12,11,-33,15,20,100,70.62,66.43,5624202.52,4509557.99
03/04/2022,65.74,181967,0,2404,2393,11,673,4,-3,15,21,-27,19,18,100,70.62,66.43,5633329.77,4526709.49
04/04/2022,65.74,183560,0,1593,1555,38,679,6,2,18,30,-26,6,17,100,70.62,66.43,5642457.02,4543860.99
05/04/2022,65.74,184598,0,1038,1021,17,682,3,3,18,28,-24,4,17,100,70.62,66.43,5646477,4557959
06/04/2022,65.74,186870,0,2272,2228,44,682,0,-1,13,29,-22,5,18,100,70.62,66.43,5654575,4579684
07/04/2022,65.74,188985,0,2115,2096,19,684,2,2,15,33,-24,7,17,100,70.62,66.43,5669700,4614286
08/04/2022,65.74,191018,0,2033,2013,20,687,3,5,15,33,-19,14,18,100,70.62,66.43,5681528,4633881.75
09/04/2022,65.74,192860,0,1842,1807,35,690,3,1,21,23,-20,20,16,100,70.62,66.43,5693356,4653477.5
10/04/2022,65.74,194541,0,1681,1660,21,692,2,6,22,30,-16,21,15,100,70.62,66.43,5705184,4673073.25
11/04/2022,65.74,195465,0,924,914,10,698,6,14,30,42,-11,0,15,100,70.62,66.43,5717012,4692669
12/04/2022,65.74,196127,0,662,653,9,700,2,17,36,48,2,-11,14,100,70.62,66.43,5724634,4710122.5
13/04/2022,65.74,197417,0,1290,1277,13,702,2,6,31,63,-1,-47,18,100,70.62,66.43,5732256,4727576
14/04/2022,65.74,198346,0,929,909,20,707,5,4,27,81,-16,-57,17,100,70.62,66.43,5732949,4731646.5
15/04/2022,65.74,199008,0,662,641,21,709,2,-1,16,76,-26,-56,20,100,70.62,66.43,5733642,4735717
16/04/2022,65.74,199462,0,454,446,8,712,3,-7,14,46,-25,-24,14,100,70.62,66.43,5733776,4736044
17/04/2022,65.74,199868,0,406,396,10,714,2,-7,13,33,-11,1,14,100,70.62,66.43,5733910,4736371
18/04/2022,65.74,200190,0,322,311,11,718,4,-2,17,28,-15,-4,18,100,70.62,66.43,5734044,4736698
19/04/2022,65.74,200502,0,312,304,8,722,4,3,21,29,-13,7,16,100,70.62,66.43,5738069.429,4745703.714
20/04/2022,65.74,201460,0,958,941,17,727,5,-2,13,29,-16,10,17,100,70.62,66.43,5742094.858,4754709.428
21/04/2022,65.74,202542,0,1082,1062,20,730,3,0,12,30,-23,11,17,100,70.62,66.43,5746120.287,4763715.142
22/04/2022,65.74,203545,0,1003,988,15,730,0,0,10,27,-24,20,19,100,70.62,66.43,5750145.716,4772720.856
23/04/2022,65.74,204274,0,729,714,15,730,0,-3,16,19,-27,23,17,100,70.62,66.43,5754171.145,4781726.57
24/04/2022,65.74,204893,0,619,593,26,732,2,-1,16,22,-24,25,17,100,70.62,66.43,5758196.574,4790732.284
25/04/2022,65.74,205512,0,619,229,15,732,0,5,19,29,-20,14,15,100,70.62,66.43,5762222.003,4799737.998
26/04/2022,65.74,206042,0,530,542,8,736,4,5,19,27,-19,12,16,100,70.62,66.43,5764669.253,4813613.498
27/04/2022,65.74,206512,0,470,457,13,737,1,2,13,29,-21,13,16,100,70.62,66.43,5767116.503,4827488.998
28/04/2022,65.74,206881,0,369,358,11,739,2,4,14,31,-23,14,16,100,70.62,66.43,5769563.753,4841364.498
29/04/2022,65.74,207196,0,315,306,9,743,4,7,16,30,-22,19,16,100,70.62,66.43,5772011.003,4855239.998
30/04/2022,65.74,207469,0,273,0,0,744,1,3,22,23,-26,20,16,100,70.62,66.43,5774458.253,4869115.498
01/05/2022,65.74,207469,0,0,0,0,744,0,4,18,33,-23,10,15,100,70.62,66.43,5776905.503,4882990.998
02/05/2022,60.19,207714,0,245,106,11,744,0,2,19,30,-21,-47,21,100,67.5,62.86,5779352.753,4896866.498
03/05/2022,61.57,207867,0,153,141,12,745,1,8,25,26,-17,11,14,100,65.36,60.42,5781800.003,4910741.998
04/05/2022,61.57,208111,0,244,263,4,746,1,4,19,28,-19,12,15,100,65.36,60.42,5782266,4921879
05/05/2022,61.57,208368,0,257,230,14,748,2,7,20,28,-25,14,15,100,65.36,60.42,5783454.8,4929063.8
06/05/2022,61.57,208368,0,0,180,17,748,0,7,16,25,-23,22,16,100,65.36,60.42,5784643.6,4936248.6
07/05/2022,61.57,208535,0,167,161,6,749,1,-2,17,15,-30,21,17,100,65.36,60.42,5785832.4,4943433.4
08/05/2022,61.57,208535,0,0,0,0,749,0,2,19,18,-26,20,16,100,65.36,60.42,5787021.2,4950618.2
09/05/2022,58.21,208759,0,224,110,24,751,2,8,21,25,-23,12,15,100,63.47,58.25,5788210,4957803
10/05/2022,58.21,208939,0,180,89,8,752,1,3,20,23,-20,10,15,100,63.47,58.25,5789145.333,4964379.333
11/05/2022,58.21,209028,0,89,121,4,752,0,1,16,26,-21,10,15,100,63.47,58.25,5790080.666,4970955.667
12/05/2022,58.2,209243,0,215,94,2,752,0,0,16,27,-24,12,15,100,63.46,58.25,5791015.999,4977532
13/05/2022,58.2,209321,0,78,78,0,754,2,5,16,31,-22,15,15,100,63.46,58.25,5791617.499,4981368.625
14/05/2022,58.2,209386,0,65,65,0,754,0,-4,16,18,-28,21,16,100,63.46,58.25,5792218.999,4985205.25
15/05/2022,58.2,209386,0,0,0,0,754,0,1,21,23,-22,17,16,100,63.46,58.25,5792820.499,4989041.875
16/05/2022,58.2,209434,0,48,48,0,754,0,4,20,25,-19,9,16,100,63.46,58.25,5793421.999,4992878.5
17/05/2022,58.2,209502,0,68,68,0,754,0,6,22,24,-19,13,15,100,63.46,58.25,5794023.499,4996715.125
18/05/2022,58.2,209553,0,51,51,0,754,0,2,17,26,-17,13,15,100,63.46,58.25,5794624.999,5000551.75
19/05/2022,58.2,209607,0,54,54,0,754,0,2,15,27,-25,14,15,100,63.46,58.25,5795226.499,5004388.375
20/05/2022,58.18,209698,0,91,91,0,754,0,2,13,23,-23,22,16,100,63.46,58.24,5795827.999,5008225
21/05/2022,46.16,209699,0,1,1,0,754,0,2,17,23,-22,16,16,100,56.69,50.5,5797046.499,5013352
22/05/2022,46.16,209728,0,29,29,0,754,0,1,16,21,-23,16,16,100,56.69,50.5,5798264.999,5018479
23/05/2022,46.16,209744,0,16,16,0,754,0,0,16,20,-24,16,16,100,56.69,50.5,5799483.499,5023606
24/05/2022,46.13,209823,0,79,79,0,756,0,0,15,20,-24,16,16,100,56.68,50.49,5800701.999,5028733
25/05/2022,46.13,209861,0,38,38,0,756,0,1,15,20,-24,16,16,100,56.68,50.49,5803607.5,5035661
26/05/2022,46.12,209888,0,27,27,0,756,0,1,15,20,-24,16,16,100,56.67,50.48,5806513,5042589
27/05/2022,46.12,209922,0,34,34,0,756,0,2,16,20,-23,16,16,100,56.67,50.48,5807939,5046372
28/05/2022,46.11,209950,0,28,28,0,756,0,3,17,21,-23,16,16,100,56.67,50.47,5809365,5050155
29/05/2022,46.11,209965,0,15,15,0,756,0,4,18,22,-22,16,15,100,56.67,50.47,5809556.5,5051296.5
30/05/2022,42.37,209975,0,10,10,0,756,0,5,19,23,-21,16,15,100,54.56,48.07,5809748,5052438
31/05/2022,42.37,209989,0,14,14,0,756,0,6,20,23,-21,16,15,100,54.56,48.07,5810998.5,5055979.25
01/06/2022,42.37,210026,0,37,37,0,756,0,8,21,23,-20,13,15,100,54.56,48.07,5812249,5059520.5
02/06/2022,42.37,210045,0,19,19,0,756,0,8,21,23,-20,13,15,100,54.56,48.07,5813499.5,5063061.75
03/06/2022,42.34,210061,0,16,16,0,756,0,9,21,23,-20,13,15,100,54.55,48.05,5814750,5066603
04/06/2022,42.34,210069,0,8,8,0,756,0,9,22,23,-19,13,15,100,54.55,48.05,5815240.833,5068300.333
05/06/2022,42.34,210081,0,12,12,0,756,0,9,22,24,-19,13,16,100,54.55,48.05,5815731.667,5069997.666
06/06/2022,42.34,210083,0,2,2,0,756,0,9,22,24,-18,13,16,100,54.55,48.05,5816222.5,5071694.999
07/06/2022,42.34,210098,0,15,15,0,756,0,8,21,24,-18,13,16,100,54.55,48.05,5816713.333,5073392.332
08/06/2022,42.34,210108,0,10,10,0,756,0,6,21,23,-19,16,16,100,54.55,48.05,5817204.167,5075089.665
09/06/2022,42.32,210129,0,21,21,0,756,0,6,20,23,-19,15,16,100,54.54,48.04,5817695,5076787
10/06/2022,42.32,210138,0,9,9,0,757,0,6,20,23,-19,16,16,100,54.54,48.04,5818842.804,5079225.339
11/06/2022,42.32,210136,0,-2,0,0,757,0,6,20,23,-20,16,16,100,54.54,48.04,5819990.608,5081663.678
12/06/2022,42.32,210147,0,11,11,0,757,0,6,19,23,-20,16,15,100,54.54,48.04,5821138.412,5084102.017
13/06/2022,42.32,210158,0,11,11,0,757,0,6,20,23,-20,16,15,100,54.54,48.04,5822286.216,5086540.356
14/06/2022,42.32,210164,0,6,6,0,757,0,6,20,23,-20,16,16,100,54.54,48.04,5823434.02,5088978.695
15/06/2022,42.32,210173,0,9,9,0,757,0,5,19,22,-20,15,16,100,54.54,48.04,5824581.824,5091417.034
16/06/2022,42.32,210173,0,0,0,0,757,0,5,19,21,-19,15,16,100,54.54,48.04,5825729.628,5093855.373
17/06/2022,42.32,210180,0,7,7,0,757,0,5,19,21,-19,15,16,100,54.54,48.04,5826877.432,5096293.712
18/06/2022,42.32,210194,0,14,14,0,757,0,5,19,21,-19,14,16,100,54.54,48.04,5828025.236,5098732.051
19/06/2022,42.32,210194,0,0,0,0,757,0,4,19,20,-19,14,16,100,54.54,48.04,5829173.04,5101170.39
20/06/2022,42.32,210208,0,14,14,0,757,0,4,18,20,-18,14,16,100,54.54,48.04,5830320.844,5103608.729
21/06/2022,42.32,210214,0,6,6,0,757,0,4,18,20,-18,15,16,100,54.54,48.04,5831468.648,5106047.068
22/06/2022,42.32,210214,0,0,0,0,757,0,5,19,21,-18,15,16,100,54.54,48.04,5832616.452,5108485.407
23/06/2022,42.32,210222,0,8,8,0,757,0,5,19,21,-18,15,16,100,54.54,48.04,5833764.256,5110923.746
24/06/2022,42.32,210233,0,11,11,0,757,0,5,19,21,-18,15,16,100,54.54,48.04,5834912.06,5113362.085
25/06/2022,42.32,210238,0,5,5,0,757,0,5,20,21,-18,15,16,100,54.54,48.04,5836059.864,5115800.424
26/06/2022,42.32,210247,0,9,9,0,757,0,5,20,21,-18,16,16,100,54.54,48.04,5837207.668,5118238.763
27/06/2022,42.32,210251,0,4,4,0,757,0,6,20,21,-18,15,16,100,54.54,48.04,5838355.472,5120677.102
28/06/2022,42.32,210258,0,7,7,0,757,0,6,20,22,-18,15,16,100,54.54,48.04,5839503.276,5123115.441
29/06/2022,42.32,210278,0,20,20,0,757,0,6,20,22,-18,15,16,100,54.54,48.04,5840651.08,5125553.78
30/06/2022,42.32,210292,0,14,14,0,757,0,6,20,22,-18,15,16,100,54.54,48.04,5841798.884,5127992.119
01/07/2022,42.32,210297,0,5,5,0,757,0,6,20,22,-17,14,16,100,54.54,48.04,5842946.688,5130430.458
02/07/2022,42.32,210306,0,9,9,0,757,0,7,21,22,-17,14,16,100,54.54,48.04,5844094.492,5132868.797
03/07/2022,42.32,210307,0,1,1,0,757,0,7,21,22,-16,13,16,100,54.54,48.04,5845242.296,5135307.136
04/07/2022,42.32,210313,0,6,6,0,757,0,7,22,22,-15,13,16,100,54.54,48.04,5846390.1,5137745.475
05/07/2022,42.32,210324,0,11,11,0,757,0,7,22,22,-15,13,16,100,54.54,48.04,5847537.904,5140183.814
06/07/2022,42.32,210331,0,7,7,0,757,0,6,22,22,-14,13,16,100,54.54,48.04,5848685.708,5142622.153
07/07/2022,42.32,210341,0,10,10,0,757,0,6,21,22,-14,12,16,100,54.54,48.04,5849833.512,5145060.492
08/07/2022,42.32,210348,0,7,7,0,757,0,6,22,22,-14,12,16,100,54.54,48.04,5850981.316,5147498.831
09/07/2022,42.32,210348,0,0,0,0,757,,6,21,22,-13,12,16,100,54.54,48.04,5852129.12,5149937.17
10/07/2022,42.32,210366,0,18,18,0,757,,6,21,22,-13,12,16,100,54.54,48.04,5853276.924,5152375.509
11/07/2022,42.32,210375,0,9,9,0,757,,6,21,22,-14,11,16,100,54.54,48.04,5854424.728,5154813.848
12/07/2022,42.32,210386,0,11,11,0,757,,6,23,22,-13,11,16,100,54.54,48.04,5855572.532,5157252.187
13/07/2022,42.32,210401,0,15,15,0,757,,8,23,25,-13,8,16,100,54.54,48.04,5856720.336,5159690.526
14/07/2022,42.32,210433,0,32,32,0,757,,8,24,28,-12,8,16,100,54.54,48.04,5857868.14,5162128.865
15/07/2022,42.32,210462,0,29,29,0,757,,8,24,30,-11,8,16,100,54.54,48.04,5859015.944,5164567.204
16/07/2022,42.32,210510,0,48,48,0,757,,9,24,31,-10,10,16,100,54.54,48.04,5860163.748,5167005.543
17/07/2022,42.32,210528,0,18,18,0,757,,9,24,31,-10,10,16,100,54.54,48.04,5861311.552,5169443.882
18/07/2022,42.32,210546,0,18,18,0,757,,8,23,30,-10,10,16,100,54.54,48.04,5862459.356,5171882.221
19/07/2022,42.32,210592,0,46,46,0,757,,8,22,31,-11,10,17,100,54.54,48.04,5863607.16,5174320.56
20/07/2022,42.32,210638,0,46,46,0,757,,7,21,29,-11,9,18,100,54.54,48.04,5864754.964,5176758.899
21/07/2022,42.32,210676,0,38,38,0,757,,6,20,26,-13,8,18,100,54.54,48.04,5865902.768,5179197.238
22/07/2022,42.32,210719,0,43,43,0,757,,4,19,23,-14,8,18,100,54.54,48.04,5867050.572,5181635.577
23/07/2022,42.32,210766,0,47,47,0,757,,4,19,21,-15,7,19,100,54.54,48.04,5868198.376,5184073.916
24/07/2022,42.32,210789,0,23,23,0,757,,4,19,20,-15,7,19,100,54.54,48.04,5869346.18,5186512.255
25/07/2022,42.32,210815,0,26,26,0,757,,4,19,19,-15,7,19,100,54.54,48.04,5870493.984,5188950.594
26/07/2022,42.32,210877,0,62,62,0,757,,4,20,18,-15,7,19,100,54.54,48.04,5871641.788,5191388.933
27/07/2022,42.32,210963,0,86,86,0,757,,4,21,17,-15,12,18,100,54.54,48.04,5872789.592,5193827.272
28/07/2022,42.32,211052,0,89,89,0,757,,7,22,20,-13,11,18,100,54.54,48.04,5873937.396,5196265.611
29/07/2022,42.32,211135,0,83,83,0,757,,9,25,23,-11,12,18,100,54.54,48.04,5875085.2,5198703.95
30/07/2022,42.32,211192,0,57,57,0,757,,10,25,24,-10,12,18,100,54.54,48.04,5876233.004,5201142.289
31/07/2022,42.32,211239,0,47,47,0,757,,11,26,25,-9,12,18,100,54.54,48.04,5877380.808,5203580.628
01/08/2022,42.32,211271,0,32,32,0,757,,11,27,26,-8,12,17,100,54.54,48.04,5878528.612,5206018.967
02/08/2022,42.32,211375,0,104,104,0,757,,12,27,26,-8,12,17,100,54.54,48.04,5879676.416,5208457.306
03/08/2022,42.32,211441,0,66,66,0,757,,12,27,25,-8,12,18,100,54.54,48.04,5880824.22,5210895.645
04/08/2022,42.06,211537,0,96,96,0,757,,10,27,23,-9,12,18,100,54.39,47.87,5881972,5213334
05/08/2022,42.06,211643,0,106,106,0,757,,9,26,19,-10,12,18,100,54.39,47.87,5882744.25,5215004.25
06/08/2022,42.06,211711,0,68,68,0,757,,9,26,18,-11,12,18,100,54.39,47.87,5883516.5,5216674.5
07/08/2022,42.06,211842,0,131,131,0,757,,7,25,16,-12,11,18,100,54.39,47.87,5884288.75,5218344.75
08/08/2022,42.04,211842,0,0,0,0,757,,7,24,16,-12,11,19,100,54.38,47.86,5885061,5220015
09/08/2022,42.04,211942,0,100,100,0,757,,6,23,15,-13,10,19,100,54.38,47.86,5886257,5220815.667
10/08/2022,42.04,212027,0,85,85,0,757,,6,23,15,-12,10,19,100,54.38,47.86,5887453,5221616.333
11/08/2022,42.04,212124,0,97,97,0,757,,5,23,14,-13,10,19,100,54.38,47.86,5888649,5222417
12/08/2022,42.04,212214,0,90,90,0,757,,4,22,15,-13,9,20,75,51.25,47.86,,
13/08/2022,42.04,212323,0,109,109,0,757,,5,23,16,-13,10,20,75,51.25,47.86,,
14/08/2022,42.04,212356,0,33,33,0,757,,6,24,17,-12,11,19,75,51.25,47.86,,
15/08/2022,42.04,212443,0,87,87,0,757,,6,24,18,-11,12,20,75,51.25,47.86,,
16/08/2022,42.04,212571,0,128,128,0,757,,7,26,20,-10,12,20,75,51.25,47.86,,
17/08/2022,42.04,212761,0,190,190,0,757,,7,25,21,-10,12,20,75,51.25,47.86,,
18/08/2022,42.04,212920,0,159,159,0,757,,8,26,23,-9,13,20,75,51.25,47.86,,
19/08/2022,42.04,213072,0,152,152,0,757,,9,27,24,-8,14,21,75,51.25,47.86,,
20/08/2022,42.04,213157,0,85,85,0,757,,7,25,23,-9,13,21,75,51.25,47.86,,
21/08/2022,42.04,213209,0,52,52,0,757,,6,25,23,-9,13,22,75,51.25,47.86,,
22/08/2022,42.04,213264,0,55,55,0,757,,7,26,23,-8,13,22,75,51.25,47.86,,
23/08/2022,42.04,213370,0,106,106,0,757,,7,26,24,-8,13,22,75,51.25,47.86,,
24/08/2022,42.04,213502,0,132,132,0,757,,7,26,24,-7,13,22,75,51.25,47.86,,
25/08/2022,42.04,213591,0,89,89,0,757,,7,29,25,-6,13,22,75,51.25,47.86,,
26/08/2022,42.04,213691,0,100,100,0,757,,6,27,24,-7,10,22,75,51.25,47.86,,
27/08/2022,42.04,213738,0,47,47,0,757,,8,28,25,-6,10,22,75,51.25,47.86,,
28/08/2022,42.04,213824,0,86,86,0,757,,10,30,27,-4,11,22,75,51.25,47.86,,
29/08/2022,42.04,213824,0,0,0,0,757,,10,30,27,-4,11,21,75,51.25,47.86,,
30/08/2022,42.04,213925,0,101,101,0,757,,10,30,26,-4,11,21,75,51.25,47.86,,
31/08/2022,42.04,214039,0,114,114,0,757,,10,29,25,-5,11,21,75,51.25,47.86,,
01/09/2022,42.04,214169,0,130,130,0,757,,10,27,23,-6,12,20,75,51.25,47.86,,
02/09/2022,42.04,214273,0,104,104,0,757,,11,30,22,-5,15,19,75,51.25,47.86,,
03/09/2022,42.04,214407,0,134,134,0,757,,11,30,21,-5,14,19,75,51.25,47.86,,
04/09/2022,42.04,214407,0,0,0,0,757,,11,30,21,-6,14,18,75,51.25,47.86,,
05/09/2022,42.04,214455,0,48,48,0,757,,11,30,20,-7,14,18,75,51.25,47.86,,
06/09/2022,42.04,214563,0,108,108,0,757,,10,30,20,-8,14,18,75,51.25,47.86,,
07/09/2022,42.04,214649,0,86,86,0,757,,10,30,21,-8,14,17,75,51.25,47.86,,
08/09/2022,42.04,214835,0,186,186,0,757,,9,29,21,-9,15,17,75,51.25,47.86,,
09/09/2022,42.04,214897,0,62,62,0,757,,9,30,23,-9,15,17,75,51.25,47.86,,
10/09/2022,42.04,214897,0,0,0,0,757,,9,30,25,-11,14,17,75,51.25,47.86,,
11/09/2022,42.04,214982,0,85,85,0,757,,9,29,25,-11,14,17,75,51.25,47.86,,
12/09/2022,42.04,214982,0,0,0,0,757,,8,28,25,-11,14,18,75,51.25,47.86,,
13/09/2022,42.04,215157,0,175,175,0,757,,8,28,26,-11,14,18,75,51.25,47.86,,
14/09/2022,42.04,215272,0,115,115,0,757,,7,28,24,-12,14,18,75,51.25,47.86,,
15/09/2022,42.04,215322,0,50,50,0,757,,7,27,24,-12,15,18,75,51.25,47.86,,
16/09/2022,42.04,215322,0,0,0,0,757,,7,25,24,-13,15,18,75,51.25,47.86,,
17/09/2022,42.04,215391,0,69,69,0,757,,6,25,22,-13,16,18,75,51.25,47.86,,
18/09/2022,42.04,215448,0,57,57,0,757,,6,25,22,-13,16,18,75,51.25,47.86,,
19/09/2022,42.04,215505,0,57,57,0,758,,7,25,22,-13,16,18,75,51.25,47.86,,
20/09/2022,42.04,215555,0,50,50,0,758,,6,24,21,-13,17,18,75,51.25,47.86,,
21/09/2022,42.04,215615,0,60,60,0,758,,6,24,21,-13,17,18,75,51.25,47.86,,
22/09/2022,42.04,215654,0,39,39,0,758,,6,24,21,-13,17,18,75,51.25,47.86,,
23/09/2022,42.04,215691,0,37,37,0,758,,6,24,21,-13,17,18,75,51.25,47.86,,
24/09/2022,42.04,215714,0,23,23,0,758,,6,24,21,-13,17,18,75,51.25,47.86,,
25/09/2022,42.04,215751,0,37,37,0,758,,6,23,19,-14,17,18,75,51.25,47.86,,
26/09/2022,42.04,215799,0,48,48,0,758,,6,23,19,-14,17,18,75,51.25,47.86,,
27/09/2022,42.04,215821,0,22,22,0,758,,6,24,19,-14,17,18,0,43.96,50.24,,
28/09/2022,42.04,215821,0,0,0,0,758,,5,23,18,-15,17,19,0,43.96,50.24,,
29/09/2022,42.04,215843,0,22,22,0,758,,5,23,17,-15,17,19,0,43.96,50.24,,
30/09/2022,42.04,215860,0,17,17,0,758,,5,23,16,-15,17,19,0,43.96,50.24,,
01/10/2022,42.04,215876,0,16,16,0,758,,5,23,15,-15,16,19,0,43.96,50.24,,
02/10/2022,42.04,215880,0,4,4,0,758,,5,23,15,-15,17,19,0,43.96,50.24,,
03/10/2022,42.04,215909,0,29,29,0,758,,5,24,15,-15,17,19,0,43.96,50.24,,
04/10/2022,42.04,215926,0,17,17,0,758,,6,25,16,-15,17,19,0,43.96,50.24,,
05/10/2022,42.04,215952,0,26,26,0,758,,9,28,19,-12,18,18,0,43.96,50.24,,
06/10/2022,42.04,215971,0,19,19,0,758,,11,29,20,-11,19,18,0,43.96,50.24,,
07/10/2022,42.04,215993,0,22,22,0,758,,12,29,22,-10,16,18,0,43.96,50.24,,
08/10/2022,42.04,215995,0,2,2,0,758,,14,31,25,-9,16,17,0,43.96,50.24,,
09/10/2022,42.04,216002,0,7,7,0,758,,17,33,29,-7,17,16,0,43.96,50.24,,
10/10/2022,42.04,216008,0,6,6,0,758,,23,34,36,-5,12,16,0,43.96,50.24,,
11/10/2022,42.04,216027,0,19,19,0,758,,25,34,39,-3,7,16,0,43.96,50.24,,
12/10/2022,42.04,216047,0,20,20,0,758,,24,34,40,-2,7,16,0,43.96,50.24,,
13/10/2022,42.04,216068,0,21,21,0,758,,23,34,42,-1,7,16,0,43.96,50.24,,
14/10/2022,42.04,216088,0,20,20,0,758,,23,34,43,-1,10,16,0,43.96,50.24,,
15/10/2022,42.04,216098,0,10,10,0,758,,21,34,42,-1,10,16,0,43.96,50.24,,
16/10/2022,42.04,216101,0,3,3,0,758,,,,,,,,0,43.96,50.24,,
17/10/2022,42.04,216101,0,0,0,0,758,,,,,,,,0,43.96,50.24,,
18/10/2022,36.95,216116,0,15,15,0,758,,,,,,,,0,41.1,46.97,,
19/10/2022,36.95,216158,0,42,42,0,758,,,,,,,,0,41.1,46.97,,
20/10/2022,36.95,216158,0,0,0,0,758,,,,,,,,0,41.1,46.97,,
21/10/2022,36.95,216173,0,15,15,0,758,,,,,,,,0,41.1,46.97,,
22/10/2022,36.95,216177,0,4,4,0,758,,,,,,,,0,41.1,46.97,,
23/10/2022,36.95,216177,0,0,0,0,758,,,,,,,,0,41.1,46.97,,
24/10/2022,36.95,216198,0,21,21,0,758,,,,,,,,0,41.1,46.97,,
25/10/2022,36.95,216205,0,7,7,0,758,,,,,,,,0,41.1,46.97,,
26/10/2022,36.95,216212,0,7,7,0,758,,,,,,,,0,41.1,46.97,,
27/10/2022,36.95,216223,0,11,11,0,758,,,,,,,,0,41.1,46.97,,
28/10/2022,36.95,216229,0,6,6,0,758,,,,,,,,0,41.1,46.97,,
29/10/2022,36.95,216229,0,0,0,0,758,,,,,,,,0,41.1,46.97,,
30/10/2022,36.95,216236,0,7,7,0,758,,,,,,,,0,41.1,46.97,,
31/10/2022,36.95,216243,0,7,7,0,758,,,,,,,,0,41.1,46.97,,
01/11/2022,36.95,216243,0,0,0,0,758,,,,,,,,0,41.1,46.97,,
02/11/2022,36.95,216260,0,17,17,0,758,,,,,,,,0,41.1,46.97,,
03/11/2022,36.95,216265,0,5,5,0,758,,,,,,,,0,41.1,46.97,,
04/11/2022,36.95,216277,0,12,12,0,758,,,,,,,,0,41.1,46.97,,
05/11/2022,36.95,216277,0,0,0,0,758,,,,,,,,0,41.1,46.97,,
06/11/2022,36.95,216286,0,9,9,0,758,,,,,,,,0,41.1,46.97,,
07/11/2022,36.95,216295,0,9,9,0,758,,,,,,,,0,41.1,46.97,,
08/11/2022,36.95,216303,0,8,8,0,758,,,,,,,,75,53.6,50.54,,
09/11/2022,36.95,216323,0,20,20,0,758,,,,,,,,75,53.6,50.54,,
10/11/2022,36.95,216335,0,12,12,0,758,,,,,,,,75,53.6,50.54,,
11/11/2022,36.95,216355,0,20,20,0,758,,,,,,,,75,53.6,50.54,,
12/11/2022,36.95,216357,0,2,2,0,758,,,,,,,,75,53.6,50.54,,
13/11/2022,36.95,216363,0,6,6,0,758,,,,,,,,75,53.6,50.54,,
14/11/2022,36.95,216381,0,18,18,0,758,,,,,,,,75,53.6,50.54,,
15/11/2022,36.95,216397,0,16,16,0,758,,,,,,,,75,53.6,50.54,,
16/11/2022,36.95,216431,0,34,34,0,758,,,,,,,,75,53.6,50.54,,
17/11/2022,36.95,216444,0,13,13,0,758,,,,,,,,75,53.6,50.54,,
18/11/2022,36.95,216460,0,16,16,0,758,,,,,,,,75,53.6,50.54,,
19/11/2022,36.95,216460,0,0,0,0,758,,,,,,,,75,53.6,50.54,,
20/11/2022,36.95,216468,0,8,8,0,758,,,,,,,,75,53.6,50.54,,
21/11/2022,36.95,216492,0,24,24,0,758,,,,,,,,75,53.6,50.54,,
22/11/2022,36.95,216529,0,37,37,0,758,,,,,,,,75,53.6,50.54,,
23/11/2022,36.95,216554,0,25,25,0,758,,,,,,,,75,53.6,50.54,,
24/11/2022,36.95,216568,0,14,14,0,758,,,,,,,,75,53.6,50.54,,
25/11/2022,36.95,216592,0,24,24,0,758,,,,,,,,75,53.6,50.54,,
26/11/2022,36.95,216611,0,19,19,0,758,,,,,,,,75,53.6,50.54,,
27/11/2022,36.95,216624,0,13,13,0,758,,,,,,,,75,53.6,50.54,,
28/11/2022,44.2,216660,0,36,36,0,758,,,,,,,,75,57.68,55.2,,
29/11/2022,44.2,216693,0,33,33,0,758,,,,,,,,75,57.68,55.2,,
30/11/2022,44.2,216744,0,51,51,0,758,,,,,,,,75,57.68,55.2,,
01/12/2022,44.2,216780,0,36,36,0,758,,,,,,,,75,57.68,55.2,,
02/12/2022,44.2,216810,0,30,30,0,758,,,,,,,,75,57.68,55.2,,
03/12/2022,,216824,0,14,14,0,758,,,,,,,,,57.68,,,
04/12/2022,,216843,0,19,19,0,758,,,,,,,,,57.68,,,
05/12/2022,,216919,0,76,76,0,758,,,,,,,,,,,,
06/12/2022,,216988,0,69,69,0,758,,,,,,,,,,,,
07/12/2022,,217026,0,38,38,0,758,,,,,,,,,,,,
08/12/2022,,217099,0,73,73,0,758,,,,,,,,,,,,
09/12/2022,,217145,0,46,46,0,758,,,,,,,,,,,,
10/12/2022,,217161,0,16,16,0,758,,,,,,,,,,,,
11/12/2022,,217161,0,0,0,0,758,,,,,,,,,,,,
12/12/2022,,217237,0,76,76,0,758,,,,,,,,,,,,
13/12/2022,,217289,0,52,52,0,758,,,,,,,,,,,,
14/12/2022,,217332,0,43,43,0,758,,,,,,,,,,,,
15/12/2022,,217373,0,41,41,0,758,,,,,,,,,,,,
16/12/2022,,217373,0,0,0,0,758,,,,,,,,,,,,
17/12/2022,,217430,0,57,57,0,758,,,,,,,,,,,,
18/12/2022,,217458,0,28,28,0,758,,,,,,,,,,,,
19/12/2022,,217486,0,28,28,0,758,,,,,,,,,,,,
20/12/2022,,217526,0,40,40,0,758,,,,,,,,,,,,
21/12/2022,,217586,0,60,60,0,758,,,,,,,,,,,,
22/12/2022,,217611,0,25,25,0,758,,,,,,,,,,,,
23/12/2022,,217611,0,0,0,0,758,,,,,,,,,,,,
24/12/2022,,217642,0,31,31,0,758,,,,,,,,,,,,
25/12/2022,,217658,0,16,16,0,758,,,,,,,,,,,,
26/12/2022,,217701,0,43,43,0,758,,,,,,,,,,,,
27/12/2022,,217729,0,28,28,0,758,,,,,,,,,,,,
28/12/2022,,217754,0,25,25,0,758,,,,,,,,,,,,
29/12/2022,,217776,0,22,22,0,758,,,,,,,,,,,,
30/12/2022,,217794,0,18,18,0,758,,,,,,,,,,,,
31/12/2022,,217797,0,3,3,0,758,,,,,,,,,,,,
01/01/2023,,217797,0,0,0,0,758,,,,,,,,,,,,
02/01/2023,,217805,0,8,8,0,758,,,,,,,,,,,,
